-- MySQL dump 10.13  Distrib 8.0.42, for Win64 (x86_64)
--
-- Host: 127.0.0.1    Database: chatbot_thuvien
-- ------------------------------------------------------
-- Server version	8.0.41

/*!40101 SET @OLD_CHARACTER_SET_CLIENT=@@CHARACTER_SET_CLIENT */;
/*!40101 SET @OLD_CHARACTER_SET_RESULTS=@@CHARACTER_SET_RESULTS */;
/*!40101 SET @OLD_COLLATION_CONNECTION=@@COLLATION_CONNECTION */;
/*!50503 SET NAMES utf8 */;
/*!40103 SET @OLD_TIME_ZONE=@@TIME_ZONE */;
/*!40103 SET TIME_ZONE='+00:00' */;
/*!40014 SET @OLD_UNIQUE_CHECKS=@@UNIQUE_CHECKS, UNIQUE_CHECKS=0 */;
/*!40014 SET @OLD_FOREIGN_KEY_CHECKS=@@FOREIGN_KEY_CHECKS, FOREIGN_KEY_CHECKS=0 */;
/*!40101 SET @OLD_SQL_MODE=@@SQL_MODE, SQL_MODE='NO_AUTO_VALUE_ON_ZERO' */;
/*!40111 SET @OLD_SQL_NOTES=@@SQL_NOTES, SQL_NOTES=0 */;

--
-- Table structure for table `admin_logs`
--

DROP TABLE IF EXISTS `admin_logs`;
/*!40101 SET @saved_cs_client     = @@character_set_client */;
/*!50503 SET character_set_client = utf8mb4 */;
CREATE TABLE `admin_logs` (
  `id` bigint NOT NULL AUTO_INCREMENT,
  `admin_id` int DEFAULT NULL,
  `action` varchar(100) COLLATE utf8mb4_unicode_ci NOT NULL COMMENT 'Hành động (create, update, delete, login, ...)',
  `target_table` varchar(100) COLLATE utf8mb4_unicode_ci DEFAULT NULL COMMENT 'Bảng bị tác động',
  `target_id` int DEFAULT NULL COMMENT 'ID bản ghi bị tác động',
  `old_value` json DEFAULT NULL COMMENT 'Giá trị cũ',
  `new_value` json DEFAULT NULL COMMENT 'Giá trị mới',
  `ip_address` varchar(45) COLLATE utf8mb4_unicode_ci DEFAULT NULL,
  `created_at` datetime NOT NULL DEFAULT CURRENT_TIMESTAMP,
  PRIMARY KEY (`id`),
  KEY `idx_admin_id` (`admin_id`),
  KEY `idx_action` (`action`),
  KEY `idx_created_at` (`created_at`),
  CONSTRAINT `admin_logs_ibfk_1` FOREIGN KEY (`admin_id`) REFERENCES `admins` (`id`) ON DELETE SET NULL
) ENGINE=InnoDB DEFAULT CHARSET=utf8mb4 COLLATE=utf8mb4_unicode_ci COMMENT='Nhật ký hoạt động quản trị viên';
/*!40101 SET character_set_client = @saved_cs_client */;

--
-- Dumping data for table `admin_logs`
--

LOCK TABLES `admin_logs` WRITE;
/*!40000 ALTER TABLE `admin_logs` DISABLE KEYS */;
/*!40000 ALTER TABLE `admin_logs` ENABLE KEYS */;
UNLOCK TABLES;

--
-- Table structure for table `admins`
--

DROP TABLE IF EXISTS `admins`;
/*!40101 SET @saved_cs_client     = @@character_set_client */;
/*!50503 SET character_set_client = utf8mb4 */;
CREATE TABLE `admins` (
  `id` int NOT NULL AUTO_INCREMENT,
  `google_id` varchar(255) COLLATE utf8mb4_unicode_ci DEFAULT NULL,
  `email` varchar(255) COLLATE utf8mb4_unicode_ci NOT NULL,
  `password` varchar(255) COLLATE utf8mb4_unicode_ci DEFAULT NULL COMMENT 'Bcrypt hash',
  `full_name` varchar(255) COLLATE utf8mb4_unicode_ci NOT NULL,
  `avatar_url` text COLLATE utf8mb4_unicode_ci COMMENT 'Ảnh đại diện từ Google',
  `role` enum('super_admin','admin','editor') COLLATE utf8mb4_unicode_ci NOT NULL DEFAULT 'admin' COMMENT 'Phân quyền',
  `is_active` tinyint(1) NOT NULL DEFAULT '1',
  `reset_token` varchar(255) COLLATE utf8mb4_unicode_ci DEFAULT NULL,
  `reset_token_expiry` datetime DEFAULT NULL,
  `last_login` datetime DEFAULT NULL,
  `created_at` datetime NOT NULL DEFAULT CURRENT_TIMESTAMP,
  `updated_at` datetime NOT NULL DEFAULT CURRENT_TIMESTAMP ON UPDATE CURRENT_TIMESTAMP,
  PRIMARY KEY (`id`),
  UNIQUE KEY `email` (`email`),
  UNIQUE KEY `google_id` (`google_id`)
) ENGINE=InnoDB AUTO_INCREMENT=3 DEFAULT CHARSET=utf8mb4 COLLATE=utf8mb4_unicode_ci COMMENT='Bảng quản trị viên - đăng nhập bằng Google';
/*!40101 SET character_set_client = @saved_cs_client */;

--
-- Dumping data for table `admins`
--

LOCK TABLES `admins` WRITE;
/*!40000 ALTER TABLE `admins` DISABLE KEYS */;
INSERT INTO `admins` VALUES (1,'104596240617477959797','celrastvu@gmail.com',NULL,'TVU CELRAS','https://lh3.googleusercontent.com/a/ACg8ocJaivwuuo-c7Z38P1-pvrYRJVz_fBINpQEIUxiPQeKh4Fba0No=s96-c','admin',1,NULL,NULL,'2026-03-04 03:56:30','2026-03-04 09:40:32','2026-03-04 09:56:30'),(2,'102705747073276246926','congnghephanmem71@gmail.com',NULL,'celras tvu','https://lh3.googleusercontent.com/a/ACg8ocK81PcCNcbBJHq6iebDUDVmfCAcEoY_uzENb-1Vf_bXF0B6dfs=s400-c','admin',1,NULL,NULL,'2026-03-09 01:27:25','2026-03-04 13:38:55','2026-03-09 07:27:25');
/*!40000 ALTER TABLE `admins` ENABLE KEYS */;
UNLOCK TABLES;

--
-- Table structure for table `categories`
--

DROP TABLE IF EXISTS `categories`;
/*!40101 SET @saved_cs_client     = @@character_set_client */;
/*!50503 SET character_set_client = utf8mb4 */;
CREATE TABLE `categories` (
  `id` int NOT NULL AUTO_INCREMENT,
  `name` varchar(255) COLLATE utf8mb4_unicode_ci NOT NULL COMMENT 'Tên danh mục (VD: Mượn sách, Thẻ thư viện...)',
  `description` text COLLATE utf8mb4_unicode_ci,
  `icon` varchar(100) COLLATE utf8mb4_unicode_ci DEFAULT NULL COMMENT 'Icon hiển thị',
  `sort_order` int NOT NULL DEFAULT '0' COMMENT 'Thứ tự sắp xếp',
  `is_active` tinyint(1) NOT NULL DEFAULT '1',
  `created_by` int DEFAULT NULL,
  `created_at` datetime NOT NULL DEFAULT CURRENT_TIMESTAMP,
  `updated_at` datetime NOT NULL DEFAULT CURRENT_TIMESTAMP ON UPDATE CURRENT_TIMESTAMP,
  PRIMARY KEY (`id`),
  KEY `created_by` (`created_by`),
  CONSTRAINT `categories_ibfk_1` FOREIGN KEY (`created_by`) REFERENCES `admins` (`id`) ON DELETE SET NULL
) ENGINE=InnoDB AUTO_INCREMENT=10 DEFAULT CHARSET=utf8mb4 COLLATE=utf8mb4_unicode_ci COMMENT='Danh mục nhóm câu hỏi';
/*!40101 SET character_set_client = @saved_cs_client */;

--
-- Dumping data for table `categories`
--

LOCK TABLES `categories` WRITE;
/*!40000 ALTER TABLE `categories` DISABLE KEYS */;
INSERT INTO `categories` VALUES (1,'Mượn trả sách','Các câu hỏi về quy trình mượn, trả sách',NULL,1,1,NULL,'2026-03-04 09:51:16','2026-03-04 09:51:16'),(2,'Thẻ thư viện','Các câu hỏi về đăng ký, gia hạn thẻ thư viện',NULL,2,1,NULL,'2026-03-04 09:51:16','2026-03-04 09:51:16'),(3,'Tra cứu tài liệu','Hướng dẫn tra cứu sách, tài liệu',NULL,3,1,NULL,'2026-03-04 09:51:16','2026-03-04 09:51:16'),(4,'Giờ hoạt động','Thông tin giờ mở cửa, lịch nghỉ',NULL,4,1,NULL,'2026-03-04 09:51:16','2026-03-04 09:51:16'),(5,'Dịch vụ khác','Photocopy, phòng đọc, wifi...',NULL,5,1,NULL,'2026-03-04 09:51:16','2026-03-04 09:51:16'),(7,'Quy định','',NULL,0,1,2,'2026-03-06 09:32:45','2026-03-06 09:32:45'),(8,'Tra cứu thông tin','',NULL,0,1,2,'2026-03-06 09:34:39','2026-03-06 09:34:39'),(9,'Phòng ban','',NULL,0,1,2,'2026-03-09 07:28:36','2026-03-09 07:28:36');
/*!40000 ALTER TABLE `categories` ENABLE KEYS */;
UNLOCK TABLES;

--
-- Table structure for table `chat_messages`
--

DROP TABLE IF EXISTS `chat_messages`;
/*!40101 SET @saved_cs_client     = @@character_set_client */;
/*!50503 SET character_set_client = utf8mb4 */;
CREATE TABLE `chat_messages` (
  `id` bigint NOT NULL AUTO_INCREMENT,
  `session_id` int NOT NULL,
  `sender_type` enum('user','bot') COLLATE utf8mb4_unicode_ci NOT NULL COMMENT 'Người gửi: user hoặc bot',
  `message_text` text COLLATE utf8mb4_unicode_ci NOT NULL COMMENT 'Nội dung tin nhắn',
  `matched_question_id` int DEFAULT NULL COMMENT 'Câu hỏi được match (nếu bot trả lời)',
  `confidence_score` decimal(5,4) DEFAULT NULL COMMENT 'Độ chính xác matching (0-1)',
  `created_at` datetime NOT NULL DEFAULT CURRENT_TIMESTAMP,
  PRIMARY KEY (`id`),
  KEY `matched_question_id` (`matched_question_id`),
  KEY `idx_session_id` (`session_id`),
  KEY `idx_created_at` (`created_at`),
  CONSTRAINT `chat_messages_ibfk_1` FOREIGN KEY (`session_id`) REFERENCES `chat_sessions` (`id`) ON DELETE CASCADE,
  CONSTRAINT `chat_messages_ibfk_2` FOREIGN KEY (`matched_question_id`) REFERENCES `questions` (`id`) ON DELETE SET NULL
) ENGINE=InnoDB AUTO_INCREMENT=295 DEFAULT CHARSET=utf8mb4 COLLATE=utf8mb4_unicode_ci COMMENT='Lịch sử tin nhắn trò chuyện';
/*!40101 SET character_set_client = @saved_cs_client */;

--
-- Dumping data for table `chat_messages`
--

LOCK TABLES `chat_messages` WRITE;
/*!40000 ALTER TABLE `chat_messages` DISABLE KEYS */;
INSERT INTO `chat_messages` VALUES (1,1,'user','hello',NULL,NULL,'2026-03-04 09:05:21'),(2,1,'bot','Xin lỗi, tôi chưa có câu trả lời.',NULL,NULL,'2026-03-04 09:05:21'),(3,1,'user','Thư viện mở cửa lúc mấy giờ?',NULL,NULL,'2026-03-04 09:18:00'),(4,1,'bot','Xin lỗi, tôi chưa có câu trả lời.',NULL,NULL,'2026-03-04 09:18:00'),(5,5,'user','hi',NULL,NULL,'2026-03-04 09:41:12'),(6,5,'bot','Xin lỗi, tôi chưa có câu trả lời.',NULL,NULL,'2026-03-04 09:41:12'),(7,6,'user','Thư viện mở cửa lúc mấy giờ?',NULL,NULL,'2026-03-04 09:42:53'),(8,6,'bot','Xin lỗi, tôi chưa có câu trả lời.',NULL,NULL,'2026-03-04 09:42:53'),(9,6,'user','Làm thế nào để mượn sách?',NULL,NULL,'2026-03-04 09:52:20'),(10,6,'bot','Để mượn sách, bạn cần có thẻ thư viện hợp lệ. Mang sách đến quầy mượn/trả và xuất trình thẻ thư viện. Bạn có thể mượn tối đa 5 cuốn sách trong 14 ngày.',1,1.0000,'2026-03-04 09:52:20'),(11,6,'user','mở cửa mấy giờ',NULL,NULL,'2026-03-04 09:52:48'),(12,6,'bot','Thư viện mở cửa từ 7:30 đến 21:00 các ngày trong tuần (Thứ 2 - Thứ 7). Chủ nhật nghỉ.',4,1.0000,'2026-03-04 09:52:48'),(13,6,'user','có bán bánh khong',NULL,NULL,'2026-03-04 09:54:04'),(14,6,'bot','Xin lỗi, tôi chưa có câu trả lời cho câu hỏi này. Bạn có thể liên hệ thủ thư để được hỗ trợ.',NULL,NULL,'2026-03-04 09:54:04'),(15,6,'user','Làm thẻ thư viện ở đâu?',NULL,NULL,'2026-03-04 09:57:42'),(16,6,'bot','Bạn có thể đăng ký làm thẻ thư viện tại quầy tiếp nhận (tầng 1). Cần mang theo CMND/CCCD và 1 ảnh 3x4. Phí làm thẻ là 50.000đ.',3,1.0000,'2026-03-04 09:57:42'),(17,7,'user','h\'',NULL,NULL,'2026-03-04 10:43:30'),(18,7,'bot','Xin lỗi, tôi chưa có câu trả lời cho câu hỏi này. Bạn có thể liên hệ thủ thư để được hỗ trợ.',NULL,NULL,'2026-03-04 10:43:30'),(19,7,'user','có bán bánh bò không',NULL,NULL,'2026-03-04 10:43:44'),(20,7,'bot','Xin lỗi, tôi chưa có câu trả lời cho câu hỏi này. Bạn có thể liên hệ thủ thư để được hỗ trợ.',NULL,NULL,'2026-03-04 10:43:44'),(21,7,'user','cách mượn sách',NULL,NULL,'2026-03-04 10:52:37'),(22,7,'bot','Để mượn sách, bạn cần có thẻ thư viện hợp lệ. Mang sách đến quầy mượn/trả và xuất trình thẻ thư viện. Bạn có thể mượn tối đa 5 cuốn sách trong 14 ngày.',1,1.0000,'2026-03-04 10:52:37'),(23,7,'user','có đồ ăn sáng không',NULL,NULL,'2026-03-04 10:54:22'),(24,7,'bot','Có ờ ngây tầng trệt vào cửa quẹo',6,1.0000,'2026-03-04 10:54:22'),(25,7,'user','có mì ly không',NULL,NULL,'2026-03-04 10:54:38'),(26,7,'bot','Có ờ ngây tầng trệt vào cửa quẹo',6,1.0000,'2026-03-04 10:54:38'),(27,7,'user','hello',NULL,NULL,'2026-03-04 13:15:50'),(28,7,'bot','Xin lỗi, tôi chưa có câu trả lời cho câu hỏi này. Bạn có thể liên hệ thủ thư để được hỗ trợ.',NULL,NULL,'2026-03-04 13:15:50'),(29,7,'user','tôi cần tư vấn',NULL,NULL,'2026-03-04 13:16:01'),(30,7,'bot','Xin lỗi, tôi chưa có câu trả lời cho câu hỏi này. Bạn có thể liên hệ thủ thư để được hỗ trợ.',NULL,NULL,'2026-03-04 13:16:01'),(31,7,'user','chức năng thư viện',NULL,NULL,'2026-03-04 13:16:23'),(32,7,'bot','CHỨC NĂNG CỦA CHATBOT THƯ VIỆN\nBao gồm các chức năng sau:\nPhía người dùng:\nChỉ cần truy cập vào website và nhấy chuột hoặc chọn vào biểu tượng chatbot. Và bắt đầu trò chuyện.\nChatbot trả lời những câu hỏi liên quan mà quản trị viên đưa vào hệ thống.\nPhía quản trị:\nCó quyền quản trị hệ thống, như thêm xóa sửa các bộ câu hỏi cho chatbot\nĐăng nhập với phân quyền cao nhất Google.\nQuản trị viên có thể cài đặt câu hỏi bằng nhiều phương thức như tải bộ dữ liệu bằng word, pdf hoặc gõ tay trực tiếp.\nCó thể tùy chỉnh màu sắc giao diện chatbot theo ý muốn, theo sự kiện trong năm.\nCó thể tắt hoặc hiển thị Chatbot theo ý thích.\nThu thập câu hỏi từ người dùng',NULL,1.0000,'2026-03-04 13:16:23'),(33,7,'user','chức năng của thư viện trường mình là gì',NULL,NULL,'2026-03-04 13:18:11'),(34,7,'bot','CHỨC NĂNG CỦA CHATBOT THƯ VIỆN\nBao gồm các chức năng sau:\nPhía người dùng:\nChỉ cần truy cập vào website và nhấy chuột hoặc chọn vào biểu tượng chatbot. Và bắt đầu trò chuyện.\nChatbot trả lời những câu hỏi liên quan mà quản trị viên đưa vào hệ thống.\nPhía quản trị:\nCó quyền quản trị hệ thống, như thêm xóa sửa các bộ câu hỏi cho chatbot\nĐăng nhập với phân quyền cao nhất Google.\nQuản trị viên có thể cài đặt câu hỏi bằng nhiều phương thức như tải bộ dữ liệu bằng word, pdf hoặc gõ tay trực tiếp.\nCó thể tùy chỉnh màu sắc giao diện chatbot theo ý muốn, theo sự kiện trong năm.\nCó thể tắt hoặc hiển thị Chatbot theo ý thích.\nThu thập câu hỏi từ người dùng',NULL,1.0000,'2026-03-04 13:18:11'),(35,7,'user','Thư viện mở cửa lúc mấy giờ?',NULL,NULL,'2026-03-04 13:21:10'),(36,7,'bot','Thư viện mở cửa từ 7:30 đến 21:00 các ngày trong tuần (Thứ 2 - Thứ 7). Chủ nhật nghỉ.',4,1.0000,'2026-03-04 13:21:10'),(37,8,'user','Tra cứu sách như thế nào?',NULL,NULL,'2026-03-04 14:11:19'),(38,8,'bot','Bạn có thể tra cứu sách qua hệ thống OPAC trên website thư viện hoặc tại các máy tính tra cứu đặt tại tầng 1.',5,1.0000,'2026-03-04 14:11:19'),(39,10,'user','Thư viện mở cửa lúc mấy giờ?',NULL,NULL,'2026-03-04 14:11:27'),(40,10,'bot','Thư viện mở cửa từ 7:30 đến 21:00 các ngày trong tuần (Thứ 2 - Thứ 7). Chủ nhật nghỉ.',4,1.0000,'2026-03-04 14:11:27'),(41,11,'user','luận án',NULL,NULL,'2026-03-04 14:16:37'),(42,11,'bot','Xin lỗi, tôi chưa có câu trả lời cho câu hỏi này. Bạn có thể liên hệ thủ thư để được hỗ trợ.',NULL,NULL,'2026-03-04 14:16:37'),(43,11,'user','luận án',NULL,NULL,'2026-03-04 14:57:29'),(44,11,'bot','Nộp lưu chiểu là việc nộp bản điện tử hoàn chỉnh (đã được duyệt sau góp ý của Hội đồng) của luận án, luận văn hoặc đề án sau bảo vệ để lưu trữ tại Trung tâm Học liệu và Hỗ trợ Học thuật, Trường Đại học Trà Vinh, theo Thông báo số 3356/TB-ĐHTV ngày 05/9/2025.',12,1.0000,'2026-03-04 14:57:29'),(45,11,'user','Làm thẻ thư viện ở đâu?',NULL,NULL,'2026-03-04 14:59:00'),(46,11,'bot','Bạn có thể đăng ký làm thẻ thư viện tại quầy tiếp nhận (tầng 1). Cần mang theo CMND/CCCD và 1 ảnh 3x4. Phí làm thẻ là 50.000đ.',3,1.0000,'2026-03-04 14:59:00'),(47,11,'user','hướng dẫn viết mail',NULL,NULL,'2026-03-04 15:08:00'),(48,11,'bot','[Mã số học viên] – [Tên loại tài liệu: LUAN AN/LUAN VAN/DE AN SBV] – [HỌ VÀ TÊN].Viết hoa, không dấu, có khoảng cách.Ví dụ: 910117001 – DE AN SBV - NGUYEN VAN A',20,1.0000,'2026-03-04 15:08:00'),(49,11,'user','gửi file đến mail nào',NULL,NULL,'2026-03-04 15:08:36'),(50,11,'bot','tiepnhanlvla@tvu.edu.vn.',15,1.0000,'2026-03-04 15:08:36'),(51,11,'user','nếu trả sách trễ',NULL,NULL,'2026-03-04 15:36:41'),(52,11,'bot','Bạn có thể tra cứu sách qua hệ thống OPAC trên website thư viện hoặc tại các máy tính tra cứu đặt tại tầng 1.',5,1.0000,'2026-03-04 15:36:41'),(53,11,'user','bị phạt gì',NULL,NULL,'2026-03-04 15:36:51'),(54,11,'bot','16. Phạt quá hạn bao nhiêu tiền?\n2.000 đồng/quyển/ngày.',34,1.0000,'2026-03-04 15:36:51'),(55,11,'user','Tra cứu sách như thế nào?',NULL,NULL,'2026-03-04 15:49:54'),(56,11,'bot','Bạn có thể tra cứu sách qua hệ thống OPAC trên website thư viện hoặc tại các máy tính tra cứu đặt tại tầng 1.',5,1.0000,'2026-03-04 15:49:54'),(57,11,'user','Làm sao để tra cứu tài liệu?',NULL,NULL,'2026-03-04 15:50:13'),(58,11,'bot','Làm sao để tra cứu tài liệu?\nTruy cập website: https://opac.tvu.edu.vn → Đăng nhập → Tìm kiếm tài liệu.',35,1.0000,'2026-03-04 15:50:13'),(59,14,'user','hi',NULL,NULL,'2026-03-04 15:55:40'),(60,14,'bot','Nộp lưu chiểu là việc nộp bản điện tử hoàn chỉnh (đã được duyệt sau góp ý của Hội đồng) của luận án, luận văn hoặc đề án sau bảo vệ để lưu trữ tại Trung tâm Học liệu và Hỗ trợ Học thuật, Trường Đại học Trà Vinh, theo Thông báo số 3356/TB-ĐHTV ngày 05/9/2025.',12,1.0000,'2026-03-04 15:55:40'),(61,14,'user','gì vậy 3, hi là xin chào mà',NULL,NULL,'2026-03-04 15:55:57'),(62,14,'bot','Xin lỗi, tôi chưa có câu trả lời cho câu hỏi này. Bạn có thể liên hệ thủ thư để được hỗ trợ.',NULL,NULL,'2026-03-04 15:55:57'),(63,14,'user','hi',NULL,NULL,'2026-03-04 15:56:03'),(64,14,'bot','Nộp lưu chiểu là việc nộp bản điện tử hoàn chỉnh (đã được duyệt sau góp ý của Hội đồng) của luận án, luận văn hoặc đề án sau bảo vệ để lưu trữ tại Trung tâm Học liệu và Hỗ trợ Học thuật, Trường Đại học Trà Vinh, theo Thông báo số 3356/TB-ĐHTV ngày 05/9/2025.',12,1.0000,'2026-03-04 15:56:03'),(65,14,'user','hello',NULL,NULL,'2026-03-04 15:56:11'),(66,14,'bot','Xin lỗi, tôi chưa có câu trả lời cho câu hỏi này. Bạn có thể liên hệ thủ thư để được hỗ trợ.',NULL,NULL,'2026-03-04 15:56:11'),(67,14,'user','hi',NULL,NULL,'2026-03-04 15:56:13'),(68,14,'bot','Nộp lưu chiểu là việc nộp bản điện tử hoàn chỉnh (đã được duyệt sau góp ý của Hội đồng) của luận án, luận văn hoặc đề án sau bảo vệ để lưu trữ tại Trung tâm Học liệu và Hỗ trợ Học thuật, Trường Đại học Trà Vinh, theo Thông báo số 3356/TB-ĐHTV ngày 05/9/2025.',12,1.0000,'2026-03-04 15:56:13'),(69,14,'user','hi',NULL,NULL,'2026-03-04 15:56:20'),(70,14,'bot','Nộp lưu chiểu là việc nộp bản điện tử hoàn chỉnh (đã được duyệt sau góp ý của Hội đồng) của luận án, luận văn hoặc đề án sau bảo vệ để lưu trữ tại Trung tâm Học liệu và Hỗ trợ Học thuật, Trường Đại học Trà Vinh, theo Thông báo số 3356/TB-ĐHTV ngày 05/9/2025.',12,1.0000,'2026-03-04 15:56:20'),(71,14,'user','hi',NULL,NULL,'2026-03-04 15:56:21'),(72,14,'bot','Nộp lưu chiểu là việc nộp bản điện tử hoàn chỉnh (đã được duyệt sau góp ý của Hội đồng) của luận án, luận văn hoặc đề án sau bảo vệ để lưu trữ tại Trung tâm Học liệu và Hỗ trợ Học thuật, Trường Đại học Trà Vinh, theo Thông báo số 3356/TB-ĐHTV ngày 05/9/2025.',12,1.0000,'2026-03-04 15:56:21'),(73,14,'user','hi',NULL,NULL,'2026-03-04 15:56:22'),(74,14,'bot','Nộp lưu chiểu là việc nộp bản điện tử hoàn chỉnh (đã được duyệt sau góp ý của Hội đồng) của luận án, luận văn hoặc đề án sau bảo vệ để lưu trữ tại Trung tâm Học liệu và Hỗ trợ Học thuật, Trường Đại học Trà Vinh, theo Thông báo số 3356/TB-ĐHTV ngày 05/9/2025.',12,1.0000,'2026-03-04 15:56:22'),(75,14,'user','hi',NULL,NULL,'2026-03-04 16:11:02'),(76,14,'bot','Xin lỗi, tôi chưa có câu trả lời cho câu hỏi này. Bạn có thể liên hệ thủ thư để được hỗ trợ.',NULL,NULL,'2026-03-04 16:11:02'),(77,14,'user','hello',NULL,NULL,'2026-03-04 16:11:06'),(78,14,'bot','Xin lỗi, tôi chưa có câu trả lời cho câu hỏi này. Bạn có thể liên hệ thủ thư để được hỗ trợ.',NULL,NULL,'2026-03-04 16:11:06'),(79,14,'user','hello',NULL,NULL,'2026-03-04 16:25:23'),(80,14,'bot','“Xin chào bạn, Trung tâm Học liệu và Hỗ trợ Học thuật - Trường Đại học Trà Vinh rất vui được hỗ trợ bạn. Bạn cần chúng tôi hỗ trợ thông tin gì hôm nay ạ?”',45,1.0000,'2026-03-04 16:25:23'),(81,4,'user','biểu mẫu',NULL,NULL,'2026-03-05 09:20:34'),(82,4,'bot','Dưới đây là biểu mẫu / giấy tờ liên quan đến yêu cầu của bạn. Vui lòng nhấn vào link để tải về hoặc điền thông tin:',NULL,NULL,'2026-03-05 09:20:34'),(83,4,'user','link đâu',NULL,NULL,'2026-03-05 09:20:49'),(84,4,'bot','Bạn có thể đăng ký làm thẻ thư viện tại quầy tiếp nhận (tầng 1). Cần mang theo CMND/CCCD và 1 ảnh 3x4. Phí làm thẻ là 50.000đ.',3,1.0000,'2026-03-05 09:20:49'),(85,4,'user','bánh bò',NULL,NULL,'2026-03-05 09:21:02'),(86,4,'bot','Xin lỗi, tôi chưa có câu trả lời cho câu hỏi này. Bạn có thể liên hệ thủ thư để được hỗ trợ.',NULL,NULL,'2026-03-05 09:21:02'),(87,4,'user','hồ sơ',NULL,NULL,'2026-03-05 09:22:47'),(88,4,'bot','Xin lỗi, tôi chưa có câu trả lời cho câu hỏi này. Bạn có thể liên hệ thủ thư để được hỗ trợ.',NULL,NULL,'2026-03-05 09:22:47'),(89,15,'user','bi?u m?u',NULL,NULL,'2026-03-05 09:25:03'),(90,15,'bot','Xin lỗi, tôi chưa có câu trả lời cho câu hỏi này. Bạn có thể liên hệ thủ thư để được hỗ trợ.',NULL,NULL,'2026-03-05 09:25:03'),(91,16,'user','biểu mẫu',NULL,NULL,'2026-03-05 09:31:39'),(92,16,'bot','Dưới đây là biểu mẫu / giấy tờ liên quan đến yêu cầu của bạn. Vui lòng nhấn vào link để tải về hoặc điền thông tin:',NULL,NULL,'2026-03-05 09:31:39'),(93,4,'user','biểu mẫu',NULL,NULL,'2026-03-05 09:32:46'),(94,4,'bot','Dưới đây là biểu mẫu / giấy tờ liên quan đến yêu cầu của bạn. Vui lòng nhấn vào link để tải về hoặc điền thông tin:',NULL,NULL,'2026-03-05 09:32:46'),(95,4,'user','biểu mẫu',NULL,NULL,'2026-03-05 09:32:54'),(96,4,'bot','Dưới đây là biểu mẫu / giấy tờ liên quan đến yêu cầu của bạn. Vui lòng nhấn vào link để tải về hoặc điền thông tin:',NULL,NULL,'2026-03-05 09:32:54'),(97,4,'user','biểu mẫu',NULL,NULL,'2026-03-05 09:35:31'),(98,4,'bot','Dưới đây là biểu mẫu / giấy tờ liên quan đến yêu cầu của bạn. Vui lòng nhấn vào link để tải về hoặc điền thông tin:',NULL,NULL,'2026-03-05 09:35:31'),(99,4,'user','hồ sơ',NULL,NULL,'2026-03-05 09:39:09'),(100,4,'bot','Xin lỗi, tôi chưa có câu trả lời cho câu hỏi này. Bạn có thể liên hệ thủ thư để được hỗ trợ.',NULL,NULL,'2026-03-05 09:39:09'),(101,4,'user','biểu mẫu',NULL,NULL,'2026-03-05 09:39:13'),(102,4,'bot','Dưới đây là biểu mẫu / giấy tờ liên quan đến yêu cầu của bạn. Vui lòng nhấn vào link để tải về hoặc điền thông tin:',NULL,NULL,'2026-03-05 09:39:13'),(103,17,'user','xin chào',NULL,NULL,'2026-03-05 13:45:05'),(104,17,'bot','Xin lỗi, tôi chưa có câu trả lời cho câu hỏi này. Bạn có thể liên hệ thủ thư để được hỗ trợ.',NULL,NULL,'2026-03-05 13:45:05'),(105,17,'user','hi',NULL,NULL,'2026-03-05 13:47:30'),(106,17,'bot','Xin lỗi, tôi chưa có câu trả lời cho câu hỏi này. Bạn có thể liên hệ thủ thư để được hỗ trợ.',NULL,NULL,'2026-03-05 13:47:30'),(107,17,'user','xin chào',NULL,NULL,'2026-03-05 13:47:38'),(108,17,'bot','Chào mừng đến với thư viện TVU. Mình giúp được gì cho bạn ?',46,1.0000,'2026-03-05 13:47:38'),(109,17,'user','hú',NULL,NULL,'2026-03-05 13:47:43'),(110,17,'bot','Xin lỗi, tôi chưa có câu trả lời cho câu hỏi này. Bạn có thể liên hệ thủ thư để được hỗ trợ.',NULL,NULL,'2026-03-05 13:47:43'),(111,17,'user','ee',NULL,NULL,'2026-03-05 14:15:50'),(112,17,'bot','Xin lỗi, tôi chưa có câu trả lời cho câu hỏi này. Bạn có thể liên hệ thủ thư để được hỗ trợ.',NULL,NULL,'2026-03-05 14:15:50'),(113,17,'user','ê',NULL,NULL,'2026-03-05 14:15:52'),(114,17,'bot','Xin lỗi, tôi chưa có câu trả lời cho câu hỏi này. Bạn có thể liên hệ thủ thư để được hỗ trợ.',NULL,NULL,'2026-03-05 14:15:52'),(115,17,'user','ê',NULL,NULL,'2026-03-05 14:18:08'),(116,17,'bot','Xin lỗi, tôi chưa có câu trả lời cho câu hỏi này. Bạn có thể liên hệ thủ thư để được hỗ trợ.',NULL,NULL,'2026-03-05 14:18:08'),(117,17,'user','ê',NULL,NULL,'2026-03-05 14:45:43'),(118,17,'bot','Xin lỗi, tôi chưa có câu trả lời cho câu hỏi này. Bạn có thể liên hệ thủ thư để được hỗ trợ.',NULL,NULL,'2026-03-05 14:45:43'),(119,17,'user','ê',NULL,NULL,'2026-03-05 15:50:06'),(120,17,'bot','Chào mừng đến với thư viện TVU. Mình giúp được gì cho bạn ?',46,1.0000,'2026-03-05 15:50:06'),(121,17,'user','hey',NULL,NULL,'2026-03-05 15:50:10'),(122,17,'bot','Xin lỗi, tôi chưa có câu trả lời cho câu hỏi này. Bạn có thể liên hệ thủ thư để được hỗ trợ.',NULL,NULL,'2026-03-05 15:50:10'),(123,17,'user','chào',NULL,NULL,'2026-03-05 15:50:16'),(124,17,'bot','Chào mừng đến với thư viện TVU. Mình giúp được gì cho bạn ?',46,1.0000,'2026-03-05 15:50:16'),(125,17,'user','nói tóm tắt về thư viện',NULL,NULL,'2026-03-05 15:50:27'),(126,17,'bot','Bạn có thể đăng ký làm thẻ thư viện tại quầy tiếp nhận (tầng 1). Cần mang theo CMND/CCCD và 1 ảnh 3x4. Phí làm thẻ là 50.000đ.',3,1.0000,'2026-03-05 15:50:27'),(127,17,'user','quy định phạt',NULL,NULL,'2026-03-06 08:28:10'),(128,17,'bot','Quy định này áp dụng cho ai?\nÁp dụng cho tất cả cá nhân tham gia sử dụng hoạt động phục vụ Bạn đọc tại Trung tâm Học liệu - Phát triển Dạy và Học thuộc Trường Đại học Trà Vinh.',22,1.0000,'2026-03-06 08:28:10'),(129,17,'user','chế độ phạt',NULL,NULL,'2026-03-06 08:28:20'),(130,17,'bot','Phạt quá hạn bao nhiêu tiền?\n2.000 đồng/quyển/ngày.',34,1.0000,'2026-03-06 08:28:20'),(131,17,'user','trễ hạn thì sao',NULL,NULL,'2026-03-06 08:28:33'),(132,17,'bot','Bạn có thể tra cứu sách qua hệ thống OPAC trên website thư viện hoặc tại các máy tính tra cứu đặt tại tầng 1.',5,1.0000,'2026-03-06 08:28:33'),(133,17,'user','gia hạn',NULL,NULL,'2026-03-06 08:28:47'),(134,17,'bot',' Gia hạn là gì?\nLà việc kéo dài thêm thời gian mượn tài liệu khi sắp đến hạn trả.',26,1.0000,'2026-03-06 08:28:47'),(135,17,'user','Làm thế nào để mượn sách?',NULL,NULL,'2026-03-06 08:42:48'),(136,17,'bot','Để mượn sách, bạn cần có thẻ thư viện hợp lệ. Mang sách đến quầy mượn/trả và xuất trình thẻ thư viện. Bạn có thể mượn tối đa 5 cuốn sách trong 14 ngày.',1,1.0000,'2026-03-06 08:42:48'),(137,17,'user','Thư viện mở cửa lúc mấy giờ?',NULL,NULL,'2026-03-06 08:43:27'),(138,17,'bot','Thư viện mở cửa từ 7:30 đến 21:00 các ngày trong tuần (Thứ 2 - Thứ 7). Chủ nhật nghỉ.',4,1.0000,'2026-03-06 08:43:27'),(139,17,'user','Làm thẻ thư viện ở đâu?',NULL,NULL,'2026-03-06 09:10:53'),(140,17,'bot','Bạn có thể đăng ký làm thẻ thư viện tại quầy tiếp nhận (tầng 1). Cần mang theo CMND/CCCD và 1 ảnh 3x4. Phí làm thẻ là 50.000đ.',3,1.0000,'2026-03-06 09:10:54'),(141,17,'user','Làm thế nào để mượn sách?',NULL,NULL,'2026-03-06 09:17:44'),(142,17,'bot','Để mượn sách, bạn cần có thẻ thư viện hợp lệ. Mang sách đến quầy mượn/trả và xuất trình thẻ thư viện. Bạn có thể mượn tối đa 5 cuốn sách trong 14 ngày.',1,1.0000,'2026-03-06 09:17:44'),(143,19,'user','Làm thẻ thư viện ở đâu?',NULL,NULL,'2026-03-06 09:24:46'),(144,19,'bot','Bạn có thể đăng ký làm thẻ thư viện tại quầy tiếp nhận (tầng 1). Cần mang theo CMND/CCCD và 1 ảnh 3x4. Phí làm thẻ là 50.000đ.',3,1.0000,'2026-03-06 09:24:46'),(145,24,'user','Thư viện mở cửa lúc mấy giờ?',NULL,NULL,'2026-03-06 09:40:44'),(146,24,'bot','Thư viện mở cửa từ 7:30 đến 21:00 các ngày trong tuần (Thứ 2 - Thứ 7). Chủ nhật nghỉ.',4,1.0000,'2026-03-06 09:40:44'),(147,29,'user','Làm thế nào để mượn sách?',NULL,NULL,'2026-03-06 09:58:47'),(148,29,'bot','Để mượn sách, bạn cần có thẻ thư viện hợp lệ. Mang sách đến quầy mượn/trả và xuất trình thẻ thư viện. Bạn có thể mượn tối đa 5 cuốn sách trong 14 ngày.',1,1.0000,'2026-03-06 09:58:47'),(149,35,'user','Có được nộp thay không?',NULL,NULL,'2026-03-06 09:59:02'),(150,35,'bot','Không. Người học phải tự gửi.\nPHẦN 2: QUY CÁCH EMAIL VÀ FILE',19,1.0000,'2026-03-06 09:59:02'),(151,35,'user','Có được nộp thay không?',NULL,NULL,'2026-03-06 09:59:04'),(152,35,'bot','Không. Người học phải tự gửi.\nPHẦN 2: QUY CÁCH EMAIL VÀ FILE',19,1.0000,'2026-03-06 09:59:04'),(153,35,'user','Khi nào bắt đầu nộp?',NULL,NULL,'2026-03-06 09:59:05'),(154,35,'bot','Từ ngày 10/9/2025.',17,1.0000,'2026-03-06 09:59:05'),(155,35,'user','Khi nào bắt đầu nộp?',NULL,NULL,'2026-03-06 09:59:06'),(156,35,'bot','Từ ngày 10/9/2025.',17,1.0000,'2026-03-06 09:59:06'),(157,35,'user','Gửi file đến email nào?',NULL,NULL,'2026-03-06 09:59:06'),(158,35,'bot','tiepnhanlvla@tvu.edu.vn.',15,1.0000,'2026-03-06 09:59:06'),(159,35,'user','Gửi file đến email nào?',NULL,NULL,'2026-03-06 09:59:06'),(160,35,'bot','tiepnhanlvla@tvu.edu.vn.',15,1.0000,'2026-03-06 09:59:06'),(161,35,'user','Gửi file đến email nào?',NULL,NULL,'2026-03-06 09:59:06'),(162,35,'bot','tiepnhanlvla@tvu.edu.vn.',15,1.0000,'2026-03-06 09:59:06'),(163,35,'user','Dùng email nào để gửi?',NULL,NULL,'2026-03-06 09:59:08'),(164,35,'bot','Phải dùng email đã đăng ký với Nhà trường từ đầu khóa học. Không chấp nhận nộp thay.',18,1.0000,'2026-03-06 09:59:08'),(165,35,'user','Viết tiêu đề email thế nào?',NULL,NULL,'2026-03-06 09:59:09'),(166,35,'bot','[Mã số học viên] – [Tên loại tài liệu: LUAN AN/LUAN VAN/DE AN SBV] – [HỌ VÀ TÊN].Viết hoa, không dấu, có khoảng cách.Ví dụ: 910117001 – DE AN SBV - NGUYEN VAN A',20,1.0000,'2026-03-06 09:59:09'),(167,35,'user','Khi nào bắt đầu nộp?',NULL,NULL,'2026-03-06 09:59:09'),(168,35,'bot','Từ ngày 10/9/2025.',17,1.0000,'2026-03-06 09:59:09'),(169,35,'user','Khi nào bắt đầu nộp?',NULL,NULL,'2026-03-06 09:59:09'),(170,35,'bot','Từ ngày 10/9/2025.',17,1.0000,'2026-03-06 09:59:09'),(171,35,'user','Khi nào bắt đầu nộp?',NULL,NULL,'2026-03-06 09:59:09'),(172,35,'bot','Từ ngày 10/9/2025.',17,1.0000,'2026-03-06 09:59:09'),(173,35,'user','Có bán đồ ăn vặt không',NULL,NULL,'2026-03-06 09:59:11'),(174,35,'bot','Có ờ ngây tầng trệt vào cửa quẹo ',6,1.0000,'2026-03-06 09:59:11'),(175,35,'user','Có bán đồ ăn vặt không',NULL,NULL,'2026-03-06 09:59:12'),(176,35,'bot','Có ờ ngây tầng trệt vào cửa quẹo ',6,1.0000,'2026-03-06 09:59:12'),(177,35,'user','Làm thế nào để mượn sách?',NULL,NULL,'2026-03-06 09:59:14'),(178,35,'bot','Để mượn sách, bạn cần có thẻ thư viện hợp lệ. Mang sách đến quầy mượn/trả và xuất trình thẻ thư viện. Bạn có thể mượn tối đa 5 cuốn sách trong 14 ngày.',1,1.0000,'2026-03-06 09:59:14'),(179,35,'user','Gia hạn được mấy lần?',NULL,NULL,'2026-03-06 09:59:19'),(180,35,'bot','Gia hạn được mấy lần?\nChỉ được gia hạn 1 lần và chưa bị quá hạn.',33,1.0000,'2026-03-06 09:59:19'),(181,36,'user','Làm thẻ thư viện ở đâu?',NULL,NULL,'2026-03-06 10:00:03'),(182,36,'bot','Bạn có thể đăng ký làm thẻ thư viện tại quầy tiếp nhận (tầng 1). Cần mang theo CMND/CCCD và 1 ảnh 3x4. Phí làm thẻ là 50.000đ.',3,1.0000,'2026-03-06 10:00:03'),(183,36,'user','hello',NULL,NULL,'2026-03-06 10:00:06'),(184,36,'bot','“Xin chào bạn, Trung tâm Học liệu và Hỗ trợ Học thuật - Trường Đại học Trà Vinh rất vui được hỗ trợ bạn. Bạn cần chúng tôi hỗ trợ thông tin gì hôm nay ạ?”',45,1.0000,'2026-03-06 10:00:06'),(185,36,'user','số điện thoại',NULL,NULL,'2026-03-06 10:00:13'),(186,36,'bot','Xin lỗi, tôi chưa có câu trả lời cho câu hỏi này. Bạn có thể liên hệ thủ thư để được hỗ trợ.',NULL,NULL,'2026-03-06 10:00:13'),(187,36,'user','ờ',NULL,NULL,'2026-03-06 10:00:16'),(188,36,'bot','Xin lỗi, tôi chưa có câu trả lời cho câu hỏi này. Bạn có thể liên hệ thủ thư để được hỗ trợ.',NULL,NULL,'2026-03-06 10:00:16'),(189,36,'user','Làm thế nào để mượn sách?',NULL,NULL,'2026-03-06 10:02:25'),(190,36,'bot','Để mượn sách, bạn cần có thẻ thư viện hợp lệ. Mang sách đến quầy mượn/trả và xuất trình thẻ thư viện. Bạn có thể mượn tối đa 5 cuốn sách trong 14 ngày.',1,1.0000,'2026-03-06 10:02:25'),(191,36,'user','chào ạ',NULL,NULL,'2026-03-06 10:02:29'),(192,36,'bot','Chào mừng đến với thư viện TVU. Mình giúp được gì cho bạn ?',46,1.0000,'2026-03-06 10:02:29'),(193,36,'user','hi',NULL,NULL,'2026-03-06 10:02:31'),(194,36,'bot','Xin lỗi, tôi chưa có câu trả lời cho câu hỏi này. Bạn có thể liên hệ thủ thư để được hỗ trợ.',NULL,NULL,'2026-03-06 10:02:31'),(195,36,'user','hi',NULL,NULL,'2026-03-06 10:02:32'),(196,36,'bot','Xin lỗi, tôi chưa có câu trả lời cho câu hỏi này. Bạn có thể liên hệ thủ thư để được hỗ trợ.',NULL,NULL,'2026-03-06 10:02:32'),(197,36,'user','hi',NULL,NULL,'2026-03-06 10:02:33'),(198,36,'bot','Xin lỗi, tôi chưa có câu trả lời cho câu hỏi này. Bạn có thể liên hệ thủ thư để được hỗ trợ.',NULL,NULL,'2026-03-06 10:02:33'),(199,36,'user','hi\'h',NULL,NULL,'2026-03-06 10:02:35'),(200,36,'bot','Xin lỗi, tôi chưa có câu trả lời cho câu hỏi này. Bạn có thể liên hệ thủ thư để được hỗ trợ.',NULL,NULL,'2026-03-06 10:02:35'),(201,36,'user','hii',NULL,NULL,'2026-03-06 10:02:36'),(202,36,'bot','Xin lỗi, tôi chưa có câu trả lời cho câu hỏi này. Bạn có thể liên hệ thủ thư để được hỗ trợ.',NULL,NULL,'2026-03-06 10:02:36'),(203,38,'user','Tra cứu sách như thế nào?',NULL,NULL,'2026-03-06 10:04:52'),(204,38,'bot','Bạn có thể tra cứu sách qua hệ thống OPAC trên website thư viện hoặc tại các máy tính tra cứu đặt tại tầng 1.',5,1.0000,'2026-03-06 10:04:52'),(205,38,'user','có web nào',NULL,NULL,'2026-03-06 10:05:06'),(206,38,'bot','Xin lỗi, tôi chưa có câu trả lời cho câu hỏi này. Bạn có thể liên hệ thủ thư để được hỗ trợ.',NULL,NULL,'2026-03-06 10:05:06'),(207,38,'user','biểu mẫu',NULL,NULL,'2026-03-06 10:06:10'),(208,38,'bot','Dưới đây là biểu mẫu / giấy tờ liên quan đến yêu cầu của bạn. Vui lòng nhấn vào link để tải về hoặc điền thông tin:',NULL,NULL,'2026-03-06 10:06:10'),(209,38,'user','Làm thế nào để mượn sách?',NULL,NULL,'2026-03-06 10:09:40'),(210,38,'bot','Để mượn sách, bạn cần có thẻ thư viện hợp lệ. Mang sách đến quầy mượn/trả và xuất trình thẻ thư viện. Bạn có thể mượn tối đa 5 cuốn sách trong 14 ngày.',1,1.0000,'2026-03-06 10:09:40'),(211,38,'user','ê',NULL,NULL,'2026-03-06 10:37:23'),(212,38,'bot','Xin lỗi, tôi chưa có câu trả lời cho câu hỏi này. Bạn có thể liên hệ thủ thư để được hỗ trợ.',NULL,NULL,'2026-03-06 10:37:23'),(213,38,'user','mới huấn luyện hôm qua',NULL,NULL,'2026-03-06 10:37:32'),(214,38,'bot',' Quá hạn là gì?\nLà giao dịch mượn tài liệu đã vượt quá thời gian quy định.',25,1.0000,'2026-03-06 10:37:32'),(215,38,'user','tao mới dạy \"ê\" là chào mà',NULL,NULL,'2026-03-06 10:37:53'),(216,38,'bot','Chào mừng đến với thư viện TVU. Mình giúp được gì cho bạn ?',46,1.0000,'2026-03-06 10:37:53'),(217,38,'user','quần què',NULL,NULL,'2026-03-06 10:37:57'),(218,38,'bot','Xin lỗi, tôi chưa có câu trả lời cho câu hỏi này. Bạn có thể liên hệ thủ thư để được hỗ trợ.',NULL,NULL,'2026-03-06 10:37:57'),(219,38,'user','alo',NULL,NULL,'2026-03-06 10:46:27'),(220,38,'bot','C?m on b?n dÒ d?t cÔu h?i! Hi?n t?i mýnh chua tým th?y th¶ng tin ph¨ h?p cho cÔu h?i nÓy. B?n c¾ th? th? h?i l?i theo cßch khßc, ho?c liÛn h? tr?c ti?p v?i th? thu qua s? (02943) 855 246 ho?c email celras@tvu.edu.vn d? du?c h? tr? t?n týnh nhÚ! ??',NULL,NULL,'2026-03-06 10:46:27'),(221,38,'user','biểu mẫu',NULL,NULL,'2026-03-06 10:46:38'),(222,38,'bot','Dưới đây là biểu mẫu / giấy tờ liên quan đến yêu cầu của bạn. Vui lòng nhấn vào link để tải về hoặc điền thông tin:',NULL,NULL,'2026-03-06 10:46:38'),(223,38,'user','ê',NULL,NULL,'2026-03-06 10:52:01'),(224,38,'bot','Cảm ơn bạn đã đặt câu hỏi! Hiện tại mình chưa tìm thấy thông tin phù hợp cho câu hỏi này. Bạn có thể thử hỏi lại theo cách khác, hoặc liên hệ trực tiếp với thủ thư qua số (02943) 855 246 hoặc email celras@tvu.edu.vn để được hỗ trợ tận tình nhé! ?',NULL,NULL,'2026-03-06 10:52:01'),(225,38,'user','hey',NULL,NULL,'2026-03-06 10:52:11'),(226,38,'bot','Cảm ơn bạn đã đặt câu hỏi! Hiện tại mình chưa tìm thấy thông tin phù hợp cho câu hỏi này. Bạn có thể thử hỏi lại theo cách khác, hoặc liên hệ trực tiếp với thủ thư qua số (02943) 855 246 hoặc email celras@tvu.edu.vn để được hỗ trợ tận tình nhé! ?',NULL,NULL,'2026-03-06 10:52:11'),(227,38,'user','hi',NULL,NULL,'2026-03-06 10:52:16'),(228,38,'bot','Cảm ơn bạn đã đặt câu hỏi! Hiện tại mình chưa tìm thấy thông tin phù hợp cho câu hỏi này. Bạn có thể thử hỏi lại theo cách khác, hoặc liên hệ trực tiếp với thủ thư qua số (02943) 855 246 hoặc email celras@tvu.edu.vn để được hỗ trợ tận tình nhé! ?',NULL,NULL,'2026-03-06 10:52:16'),(229,38,'user','xin chào',NULL,NULL,'2026-03-06 10:54:43'),(230,38,'bot','Chào mừng đến với thư viện TVU. Mình giúp được gì cho bạn ?',46,1.0000,'2026-03-06 10:54:43'),(231,38,'user','hello',NULL,NULL,'2026-03-06 10:56:43'),(232,38,'bot','“Xin chào bạn, Trung tâm Học liệu và Hỗ trợ Học thuật - Trường Đại học Trà Vinh rất vui được hỗ trợ bạn. Bạn cần chúng tôi hỗ trợ thông tin gì hôm nay ạ?”',45,1.0000,'2026-03-06 10:56:43'),(233,38,'user','hello',NULL,NULL,'2026-03-06 13:19:34'),(234,38,'bot','“Xin chào bạn, Trung tâm Học liệu và Hỗ trợ Học thuật - Trường Đại học Trà Vinh rất vui được hỗ trợ bạn. Bạn cần chúng tôi hỗ trợ thông tin gì hôm nay ạ?”',45,1.0000,'2026-03-06 13:19:34'),(235,38,'user','hello',NULL,NULL,'2026-03-06 13:19:43'),(236,38,'bot','Hello! Welcome to the Learning Resource and Academic Support Center at Tra Vinh University. We\'re happy to assist you today! ?\n\nHow can we help you? You can ask about:\n? Borrowing books\n? Searching for materials\n? Library regulations\n⏰ Opening hours\n? Digital resources',45,1.0000,'2026-03-06 13:19:43'),(237,38,'user','hi',NULL,NULL,'2026-03-06 13:19:57'),(238,38,'bot','Cảm ơn bạn đã đặt câu hỏi! Hiện tại mình chưa tìm thấy thông tin phù hợp cho câu hỏi này. Bạn có thể thử hỏi lại theo cách khác, hoặc liên hệ trực tiếp với thủ thư qua số (02943) 855 246 hoặc email celras@tvu.edu.vn để được hỗ trợ tận tình nhé! ?',NULL,NULL,'2026-03-06 13:19:57'),(239,38,'user','Làm thế nào để mượn sách?',NULL,NULL,'2026-03-06 14:22:27'),(240,38,'bot','Để mượn sách, bạn cần có thẻ thư viện hợp lệ. Mang sách đến quầy mượn/trả và xuất trình thẻ thư viện. Bạn có thể mượn tối đa 5 cuốn sách trong 14 ngày.',1,1.0000,'2026-03-06 14:22:27'),(241,38,'user','hi',NULL,NULL,'2026-03-06 14:25:07'),(242,38,'bot','Cảm ơn bạn đã đặt câu hỏi! Hiện tại mình chưa tìm thấy thông tin phù hợp cho câu hỏi này. Bạn có thể thử hỏi lại theo cách khác, hoặc liên hệ trực tiếp với thủ thư qua số (02943) 855 246 hoặc email celras@tvu.edu.vn để được hỗ trợ tận tình nhé! ?',NULL,NULL,'2026-03-06 14:25:07'),(243,38,'user','hii',NULL,NULL,'2026-03-06 14:25:09'),(244,38,'bot','Cảm ơn bạn đã đặt câu hỏi! Hiện tại mình chưa tìm thấy thông tin phù hợp cho câu hỏi này. Bạn có thể thử hỏi lại theo cách khác, hoặc liên hệ trực tiếp với thủ thư qua số (02943) 855 246 hoặc email celras@tvu.edu.vn để được hỗ trợ tận tình nhé! ?',NULL,NULL,'2026-03-06 14:25:09'),(245,38,'user','k',NULL,NULL,'2026-03-06 14:27:10'),(246,38,'bot','Cảm ơn bạn đã đặt câu hỏi! Hiện tại mình chưa tìm thấy thông tin phù hợp cho câu hỏi này. Bạn có thể thử hỏi lại theo cách khác, hoặc liên hệ trực tiếp với thủ thư qua số (02943) 855 246 hoặc email celras@tvu.edu.vn để được hỗ trợ tận tình nhé! ?',NULL,NULL,'2026-03-06 14:27:10'),(247,38,'user','hello',NULL,NULL,'2026-03-06 14:27:18'),(248,38,'bot','“Xin chào bạn, Trung tâm Học liệu và Hỗ trợ Học thuật - Trường Đại học Trà Vinh rất vui được hỗ trợ bạn. Bạn cần chúng tôi hỗ trợ thông tin gì hôm nay ạ?”',45,1.0000,'2026-03-06 14:27:18'),(249,38,'user','hello',NULL,NULL,'2026-03-06 14:27:29'),(250,38,'bot','“Xin chào bạn, Trung tâm Học liệu và Hỗ trợ Học thuật - Trường Đại học Trà Vinh rất vui được hỗ trợ bạn. Bạn cần chúng tôi hỗ trợ thông tin gì hôm nay ạ?”',45,1.0000,'2026-03-06 14:27:29'),(251,38,'user','Làm sao để được cấp tài khoản?',NULL,NULL,'2026-03-06 14:30:08'),(252,38,'bot',' Làm sao để được cấp tài khoản?\nĐối tượng 1: Tài khoản gửi qua email trường.\nĐối tượng 2, 3: Liên hệ quầy lưu hành hoặc email lrc@tvu.edu.vn.',30,1.0000,'2026-03-06 14:30:08'),(253,38,'user','Tài khoản bạn đọc dùng để làm gì?',NULL,NULL,'2026-03-06 14:30:12'),(254,38,'bot','Tài khoản bạn đọc dùng để làm gì?\nDùng để:\nĐăng nhập máy tính\nTra cứu tài liệu\nXem tài liệu trực tuyến',29,1.0000,'2026-03-06 14:30:12'),(255,38,'user','Thẻ bạn đọc dùng để làm gì?',NULL,NULL,'2026-03-06 14:30:15'),(256,38,'bot','Thẻ bạn đọc dùng để làm gì?\nDùng để đăng ký sử dụng dịch vụ, mượn, trả và gia hạn tài liệu.',28,1.0000,'2026-03-06 14:30:15'),(257,38,'user','Có được nộp thay không?',NULL,NULL,'2026-03-06 14:30:58'),(258,38,'bot','Không. Người học phải tự gửi.\nPHẦN 2: QUY CÁCH EMAIL VÀ FILE',19,1.0000,'2026-03-06 14:30:58'),(259,38,'user','Thư viện mở cửa lúc mấy giờ?',NULL,NULL,'2026-03-06 16:09:47'),(260,38,'bot','Thư viện mở cửa từ 7:30 đến 21:00 các ngày trong tuần (Thứ 2 - Thứ 7). Chủ nhật nghỉ.',4,1.0000,'2026-03-06 16:09:47'),(261,38,'user','Làm thế nào để mượn sách?',NULL,NULL,'2026-03-06 16:15:30'),(262,38,'bot','Để mượn sách, bạn cần có thẻ thư viện hợp lệ. Mang sách đến quầy mượn/trả và xuất trình thẻ thư viện. Bạn có thể mượn tối đa 5 cuốn sách trong 14 ngày.',1,1.0000,'2026-03-06 16:15:30'),(263,38,'user','Làm thế nào để mượn sách?',NULL,NULL,'2026-03-06 16:18:16'),(264,38,'bot','Để mượn sách, bạn cần có thẻ thư viện hợp lệ. Mang sách đến quầy mượn/trả và xuất trình thẻ thư viện. Bạn có thể mượn tối đa 5 cuốn sách trong 14 ngày.',1,1.0000,'2026-03-06 16:18:16'),(265,38,'user','Làm thế nào để mượn sách?',NULL,NULL,'2026-03-06 16:20:40'),(266,38,'bot','Để mượn sách, bạn cần có thẻ thư viện hợp lệ. Mang sách đến quầy mượn/trả và xuất trình thẻ thư viện. Bạn có thể mượn tối đa 5 cuốn sách trong 14 ngày.',1,1.0000,'2026-03-06 16:20:40'),(267,40,'user','học thuật',NULL,NULL,'2026-03-06 16:31:49'),(268,40,'bot','1. Trung tâm Học liệu và Hỗ trợ Học thuật nằm ở tòa nhà nào?\nTrung tâm Học liệu và Hỗ trợ Học thuật nằm tại tòa nhà B71.',NULL,1.0000,'2026-03-06 16:31:49'),(269,40,'user','có bao nhiêu phòng',NULL,NULL,'2026-03-06 16:43:24'),(270,40,'bot','Đối tượng 1 và 3: 15 ngày.\nĐối tượng 2: 30 ngày.',32,1.0000,'2026-03-06 16:43:24'),(271,40,'user','scan thì sau',NULL,NULL,'2026-03-06 16:44:48'),(272,40,'bot','Tối đa 10% tổng số trang hoặc dung lượng.',38,1.0000,'2026-03-06 16:44:48'),(273,40,'user','Phòng Nghiên cứu 2 nằm ở đâu?',NULL,NULL,'2026-03-06 16:46:38'),(274,40,'bot','Phòng Nghiên cứu 2 nằm tại phòng B71.204 ở tầng 2.',115,1.0000,'2026-03-06 16:46:38'),(275,40,'user','phòng nghiên cứu 2',NULL,NULL,'2026-03-06 16:46:50'),(276,40,'bot','Phòng Nghiên cứu 1 nằm tại phòng B71.202 ở tầng 2.',113,1.0000,'2026-03-06 16:46:50'),(277,40,'user','có bao nhiêu phòng',NULL,NULL,'2026-03-06 16:48:56'),(278,40,'bot','Cảm ơn bạn đã đặt câu hỏi! Hiện tại mình chưa tìm thấy thông tin phù hợp cho câu hỏi này. Bạn có thể thử hỏi lại theo cách khác, hoặc liên hệ trực tiếp với thủ thư qua số (02943) 855 246 hoặc email celras@tvu.edu.vn để được hỗ trợ tận tình nhé! ?',NULL,NULL,'2026-03-06 16:48:56'),(279,40,'user','quần qhef\'',NULL,NULL,'2026-03-09 07:41:43'),(280,40,'bot','Cảm ơn bạn đã đặt câu hỏi! Hiện tại mình chưa tìm thấy thông tin phù hợp cho câu hỏi này. Bạn có thể thử hỏi lại theo cách khác, hoặc liên hệ trực tiếp với thủ thư qua số (02943) 855 246 hoặc email celras@tvu.edu.vn để được hỗ trợ tận tình nhé! ?',NULL,NULL,'2026-03-09 07:41:43'),(281,40,'user','Làm thế nào để mượn sách?',NULL,NULL,'2026-03-09 07:50:27'),(282,40,'bot','Để mượn sách, bạn cần có thẻ thư viện hợp lệ. Mang sách đến quầy mượn/trả và xuất trình thẻ thư viện. Bạn có thể mượn tối đa 5 cuốn sách trong 14 ngày.',1,1.0000,'2026-03-09 07:50:27'),(283,40,'user','hi\\',NULL,NULL,'2026-03-09 08:24:18'),(284,40,'bot','Cảm ơn bạn đã đặt câu hỏi! Hiện tại mình chưa tìm thấy thông tin phù hợp cho câu hỏi này. Bạn có thể thử hỏi lại theo cách khác, hoặc liên hệ trực tiếp với thủ thư qua số (02943) 855 246 hoặc email celras@tvu.edu.vn để được hỗ trợ tận tình nhé! ?',NULL,NULL,'2026-03-09 08:24:18'),(285,40,'user','hi',NULL,NULL,'2026-03-09 08:28:24'),(286,40,'bot','Cảm ơn bạn đã đặt câu hỏi! Hiện tại mình chưa tìm thấy thông tin phù hợp cho câu hỏi này. Bạn có thể thử hỏi lại theo cách khác, hoặc liên hệ trực tiếp với thủ thư qua số (02943) 855 246 hoặc email celras@tvu.edu.vn để được hỗ trợ tận tình nhé! ?',NULL,NULL,'2026-03-09 08:28:24'),(287,40,'user','Làm thế nào để mượn sách?',NULL,NULL,'2026-03-09 08:28:30'),(288,40,'bot','Để mượn sách, bạn cần có thẻ thư viện hợp lệ. Mang sách đến quầy mượn/trả và xuất trình thẻ thư viện. Bạn có thể mượn tối đa 5 cuốn sách trong 14 ngày.',1,1.0000,'2026-03-09 08:28:30'),(289,40,'user','Làm thế nào để mượn sách?',NULL,NULL,'2026-03-09 08:32:34'),(290,40,'bot','Để mượn sách, bạn cần có thẻ thư viện hợp lệ. Mang sách đến quầy mượn/trả và xuất trình thẻ thư viện. Bạn có thể mượn tối đa 5 cuốn sách trong 14 ngày.',1,1.0000,'2026-03-09 08:32:34'),(291,41,'user','tạo account',NULL,NULL,'2026-03-09 09:31:38'),(292,41,'bot','Dùng để:\nĐăng nhập máy tính\nTra cứu tài liệu\nXem tài liệu trực tuyến',29,1.0000,'2026-03-09 09:31:38'),(293,41,'user','vn',NULL,NULL,'2026-03-09 09:31:47'),(294,41,'bot','Cảm ơn bạn đã đặt câu hỏi! Hiện tại mình chưa tìm thấy thông tin phù hợp cho câu hỏi này. Bạn có thể thử hỏi lại theo cách khác, hoặc liên hệ trực tiếp với thủ thư qua số (02943) 855 246 hoặc email celras@tvu.edu.vn để được hỗ trợ tận tình nhé! ?',NULL,NULL,'2026-03-09 09:31:47');
/*!40000 ALTER TABLE `chat_messages` ENABLE KEYS */;
UNLOCK TABLES;

--
-- Table structure for table `chat_sessions`
--

DROP TABLE IF EXISTS `chat_sessions`;
/*!40101 SET @saved_cs_client     = @@character_set_client */;
/*!50503 SET character_set_client = utf8mb4 */;
CREATE TABLE `chat_sessions` (
  `id` int NOT NULL AUTO_INCREMENT,
  `session_token` varchar(255) COLLATE utf8mb4_unicode_ci NOT NULL COMMENT 'Token định danh phiên',
  `ip_address` varchar(45) COLLATE utf8mb4_unicode_ci DEFAULT NULL,
  `user_agent` text COLLATE utf8mb4_unicode_ci COMMENT 'Thông tin trình duyệt',
  `started_at` datetime NOT NULL DEFAULT CURRENT_TIMESTAMP,
  `ended_at` datetime DEFAULT NULL,
  `total_messages` int NOT NULL DEFAULT '0',
  PRIMARY KEY (`id`),
  UNIQUE KEY `session_token` (`session_token`),
  KEY `idx_session_token` (`session_token`),
  KEY `idx_started_at` (`started_at`)
) ENGINE=InnoDB AUTO_INCREMENT=42 DEFAULT CHARSET=utf8mb4 COLLATE=utf8mb4_unicode_ci COMMENT='Phiên trò chuyện của người dùng';
/*!40101 SET character_set_client = @saved_cs_client */;

--
-- Dumping data for table `chat_sessions`
--

LOCK TABLES `chat_sessions` WRITE;
/*!40000 ALTER TABLE `chat_sessions` DISABLE KEYS */;
INSERT INTO `chat_sessions` VALUES (1,'6ba3145a949d50b09a1e2bce1dd8c7984db830edb552c7ab5b32999639ebbc38','::1','Mozilla/5.0 (Windows NT 10.0; Win64; x64) AppleWebKit/537.36 (KHTML, like Gecko) Chrome/145.0.0.0 Safari/537.36','2026-03-04 09:05:21',NULL,4),(2,'8d4875b75009679859dc96bb112388254c8a386fd084a03ce4e859c42a026650','::1','Mozilla/5.0 (Windows NT 10.0; Win64; x64) AppleWebKit/537.36 (KHTML, like Gecko) Chrome/145.0.0.0 Safari/537.36','2026-03-04 09:18:08',NULL,0),(3,'368ea4e928d75e277703e31da4c784bdfe0a1c57b02127080818dc6b0056489c','::1','Mozilla/5.0 (Windows NT 10.0; Win64; x64) AppleWebKit/537.36 (KHTML, like Gecko) Chrome/145.0.0.0 Safari/537.36','2026-03-04 09:18:10',NULL,0),(4,'aa7e4c8ff3567e1acf9d53b46934a52eacf3d62124b64cea9706fdd68b54cbd0','::1','Mozilla/5.0 (Windows NT 10.0; Win64; x64) AppleWebKit/537.36 (KHTML, like Gecko) Chrome/145.0.0.0 Safari/537.36','2026-03-04 09:18:10',NULL,18),(5,'14d13563a809c59b0f02a5074cb0b8df24d2bfef661dbd4db6206ed8d81691d8','::1','Mozilla/5.0 (Windows NT 10.0; Win64; x64) AppleWebKit/537.36 (KHTML, like Gecko) Chrome/145.0.0.0 Safari/537.36','2026-03-04 09:41:12',NULL,2),(6,'ecabc535f4da88dfd334b4a194002f624f4750cefd434fcb9fa16206fb15f711','::1','Mozilla/5.0 (Windows NT 10.0; Win64; x64) AppleWebKit/537.36 (KHTML, like Gecko) Chrome/145.0.0.0 Safari/537.36','2026-03-04 09:42:52',NULL,10),(7,'f35542868d78f2c996eeff716e225e794e0bbd8c3fb600a250f9d21fa2c04e53','::1','Mozilla/5.0 (Windows NT 10.0; Win64; x64) AppleWebKit/537.36 (KHTML, like Gecko) Chrome/145.0.0.0 Safari/537.36','2026-03-04 09:57:46',NULL,20),(8,'faf03a9a9226a85509812e7864436dbff8a8ad9cfa8b311447390cf1f262517b','::1','Mozilla/5.0 (Windows NT 10.0; Win64; x64) AppleWebKit/537.36 (KHTML, like Gecko) Chrome/145.0.0.0 Safari/537.36','2026-03-04 14:11:19',NULL,2),(9,'ffbda86033e8c22a305208688dde6eb4edf52c2232b4add1c67e5a9e873f865c','::1','Mozilla/5.0 (Windows NT 10.0; Win64; x64) AppleWebKit/537.36 (KHTML, like Gecko) Chrome/145.0.0.0 Safari/537.36','2026-03-04 14:11:24',NULL,0),(10,'16fe1ea41379997550a1aa3ce531571908040b30e4edbb840a5dc7ff943a4189','::1','Mozilla/5.0 (Windows NT 10.0; Win64; x64) AppleWebKit/537.36 (KHTML, like Gecko) Chrome/145.0.0.0 Safari/537.36','2026-03-04 14:11:24',NULL,2),(11,'5df9e30475626b4a7550f0d2698c6edcc6706e45a5b565db4f2c12e2a977899d','::1','Mozilla/5.0 (Windows NT 10.0; Win64; x64) AppleWebKit/537.36 (KHTML, like Gecko) Chrome/145.0.0.0 Safari/537.36','2026-03-04 14:13:57',NULL,18),(12,'929b2f2b8a972ef6ae46205412dad596d6108efdbbdef416a30bc42ecf33e96b','::1','Mozilla/5.0 (Windows NT 10.0; Win64; x64) AppleWebKit/537.36 (KHTML, like Gecko) Chrome/145.0.0.0 Safari/537.36','2026-03-04 15:50:42',NULL,0),(13,'8dd08750414d1162965efb9e9cdd207c3aa11dc70e2421d90fc642d0e6983874','::1','Mozilla/5.0 (Windows NT 10.0; Win64; x64) AppleWebKit/537.36 (KHTML, like Gecko) Chrome/145.0.0.0 Safari/537.36','2026-03-04 15:50:43',NULL,0),(14,'8257a67f8021cd4abbf7d6fa8a127063522c874261e8a266c196b43e2ae32fbb','::1','Mozilla/5.0 (Windows NT 10.0; Win64; x64) AppleWebKit/537.36 (KHTML, like Gecko) Chrome/145.0.0.0 Safari/537.36','2026-03-04 15:50:43',NULL,22),(15,'918bc0135390ceedba1aecadcbae23bb1da712444ab107bef3071ebe3f4054a7','::1','Mozilla/5.0 (Windows NT; Windows NT 10.0; en-US) WindowsPowerShell/5.1.26100.7705','2026-03-05 09:25:03',NULL,2),(16,'ce92ef99c25869ca2d186a5df3b0416432cb7c63047a18ff0d52d7c5d94d79e7','::1','','2026-03-05 09:31:39',NULL,2),(17,'d1b06c70c7d8401fab87dc5e056f7b9330af77989b9d89818b4acd28c74e05b9','::1','Mozilla/5.0 (Windows NT 10.0; Win64; x64) AppleWebKit/537.36 (KHTML, like Gecko) Chrome/145.0.0.0 Safari/537.36','2026-03-05 09:59:07',NULL,40),(18,'c865c474daf4f8e7a31437980724c0da82a53607e2177060ba5b276976115118','::1','Mozilla/5.0 (Windows NT 10.0; Win64; x64) AppleWebKit/537.36 (KHTML, like Gecko) Chrome/145.0.0.0 Safari/537.36','2026-03-06 09:17:48',NULL,0),(19,'2028f2c982f06f6ba6cff69ab9a0fe03a869d3ad6af5ab0d83aace6ea0f2c041','::1','Mozilla/5.0 (Windows NT 10.0; Win64; x64) AppleWebKit/537.36 (KHTML, like Gecko) Chrome/145.0.0.0 Safari/537.36','2026-03-06 09:17:48',NULL,2),(20,'4692b36a97f73d5e1b954ba178bc65a353e300a1d5c48bffe730726d819dd04e','::1','Mozilla/5.0 (Windows NT 10.0; Win64; x64) AppleWebKit/537.36 (KHTML, like Gecko) Chrome/145.0.0.0 Safari/537.36','2026-03-06 09:24:54',NULL,0),(21,'7ee92192791f08814adc82ca719b868ddf92740a1aaa30f7c115f91066e62331','::1','Mozilla/5.0 (Windows NT 10.0; Win64; x64) AppleWebKit/537.36 (KHTML, like Gecko) Chrome/145.0.0.0 Safari/537.36','2026-03-06 09:24:57',NULL,0),(22,'8612481ff472bb2a95e546e4566542ff1ea72c423e969916270fd23eb1583116','::1','Mozilla/5.0 (Windows NT 10.0; Win64; x64) AppleWebKit/537.36 (KHTML, like Gecko) Chrome/145.0.0.0 Safari/537.36','2026-03-06 09:24:57',NULL,0),(23,'94b9cf029ead55c0d9b177debb979c4e34d8c8c2c597f72e6932010ab24b90f6','::1','Mozilla/5.0 (Windows NT 10.0; Win64; x64) AppleWebKit/537.36 (KHTML, like Gecko) Chrome/145.0.0.0 Safari/537.36','2026-03-06 09:24:57',NULL,0),(24,'4b95dca9caa8d8f677c3283d10c822afbaaf38918a487bee276a31c79819208f','::1','Mozilla/5.0 (Windows NT 10.0; Win64; x64) AppleWebKit/537.36 (KHTML, like Gecko) Chrome/145.0.0.0 Safari/537.36','2026-03-06 09:24:57',NULL,2),(25,'648afd1ddc56eba69f57b3e00bb3c1e7e1fef821b8ea8441ef586c3804e9b45f','::1','Mozilla/5.0 (iPhone; CPU iPhone OS 18_5 like Mac OS X) AppleWebKit/605.1.15 (KHTML, like Gecko) Version/18.5 Mobile/15E148 Safari/604.1','2026-03-06 09:45:11',NULL,0),(26,'3239da41d6fba70ce8a45bfa54659ef23f7ba9afb627e89cfecc63769d7fb564','::1','Mozilla/5.0 (iPhone; CPU iPhone OS 18_5 like Mac OS X) AppleWebKit/605.1.15 (KHTML, like Gecko) Version/18.5 Mobile/15E148 Safari/604.1','2026-03-06 09:45:12',NULL,0),(27,'3a7d8266c7b9aeddcbd8e02806d77b653db47e2efff028e1d4c1ba90131603c3','::1','Mozilla/5.0 (iPhone; CPU iPhone OS 18_5 like Mac OS X) AppleWebKit/605.1.15 (KHTML, like Gecko) Version/18.5 Mobile/15E148 Safari/604.1','2026-03-06 09:45:13',NULL,0),(28,'ccb5076f718f93da15dda73e69c50a7a746e36b27130a0ce552d2d7c57a15f5e','::1','Mozilla/5.0 (Windows NT 10.0; Win64; x64) AppleWebKit/537.36 (KHTML, like Gecko) Chrome/145.0.0.0 Safari/537.36','2026-03-06 09:58:32',NULL,0),(29,'3e186d8d6e914df5643bb480afa385f548b2d1b4506752ef0574a634fdf2489b','::1','Mozilla/5.0 (Windows NT 10.0; Win64; x64) AppleWebKit/537.36 (KHTML, like Gecko) Chrome/145.0.0.0 Safari/537.36','2026-03-06 09:58:36',NULL,2),(30,'b79ee5223b6a7bd86e2335af582891b3e129a420c9a26291a98fdabe1bc1e224','::1','Mozilla/5.0 (Windows NT 10.0; Win64; x64) AppleWebKit/537.36 (KHTML, like Gecko) Chrome/145.0.0.0 Safari/537.36','2026-03-06 09:58:55',NULL,0),(31,'bb22b8b9473176d415316f1247888f59081a02caff00303c0d0d6d00607d870f','::1','Mozilla/5.0 (Windows NT 10.0; Win64; x64) AppleWebKit/537.36 (KHTML, like Gecko) Chrome/145.0.0.0 Safari/537.36','2026-03-06 09:58:57',NULL,0),(32,'cef4b299a515812125673052e6567ed5451977421d8cd3392ef9e11e5cd8e5b7','::1','Mozilla/5.0 (Windows NT 10.0; Win64; x64) AppleWebKit/537.36 (KHTML, like Gecko) Chrome/145.0.0.0 Safari/537.36','2026-03-06 09:58:57',NULL,0),(33,'b2f4482488cebeaa0eb97206e2d34cd410eda6f4c7abc40ae02f4313dfc2e2fe','::1','Mozilla/5.0 (Windows NT 10.0; Win64; x64) AppleWebKit/537.36 (KHTML, like Gecko) Chrome/145.0.0.0 Safari/537.36','2026-03-06 09:58:58',NULL,0),(34,'113f21c74df272aff9060d48524c51f0ccfec473bed2ca9673e8d433facca095','::1','Mozilla/5.0 (Windows NT 10.0; Win64; x64) AppleWebKit/537.36 (KHTML, like Gecko) Chrome/145.0.0.0 Safari/537.36','2026-03-06 09:58:58',NULL,0),(35,'919536be9bcecba38b3c06fdd34ad55751265b5a9106a5aa1cc37678ac5ad167','::1','Mozilla/5.0 (Windows NT 10.0; Win64; x64) AppleWebKit/537.36 (KHTML, like Gecko) Chrome/145.0.0.0 Safari/537.36','2026-03-06 09:58:58',NULL,32),(36,'f379cae639198bfd077dff2b5a04915390be1522c62963bd643999e79b0790a8','::1','Mozilla/5.0 (Windows NT 10.0; Win64; x64) AppleWebKit/537.36 (KHTML, like Gecko) Chrome/145.0.0.0 Safari/537.36','2026-03-06 09:59:58',NULL,22),(37,'9c5888ad9df7a1a990be44b86f67c50edf88d3f616563e262a458084473323fa','::1','Mozilla/5.0 (Windows NT 10.0; Win64; x64) AppleWebKit/537.36 (KHTML, like Gecko) Chrome/145.0.0.0 Safari/537.36','2026-03-06 10:02:37',NULL,0),(38,'7ccccdf1763f2aa74def11dc2b18de26de900010240afb1efdd2b71e7a90dc64','::1','Mozilla/5.0 (Windows NT 10.0; Win64; x64) AppleWebKit/537.36 (KHTML, like Gecko) Chrome/145.0.0.0 Safari/537.36','2026-03-06 10:02:41',NULL,64),(39,'70772502a618e4e71450c4bfaed5a43e132e3f33e6904d40f5ac81d8d1eab419','::1','Mozilla/5.0 (Windows NT 10.0; Win64; x64) AppleWebKit/537.36 (KHTML, like Gecko) Chrome/145.0.0.0 Safari/537.36','2026-03-06 16:23:13',NULL,0),(40,'05cc903cf5b439b8f2013435c10a551958e7f6f4614464f2677c57b476c90691','::1','Mozilla/5.0 (Windows NT 10.0; Win64; x64) AppleWebKit/537.36 (KHTML, like Gecko) Chrome/145.0.0.0 Safari/537.36','2026-03-06 16:23:14',NULL,24),(41,'acdc7e0d131bf31d27172ff85d72d253805377fee04205ea0600ddedb20cf3cc','::1','Mozilla/5.0 (Windows NT 10.0; Win64; x64) AppleWebKit/537.36 (KHTML, like Gecko) Chrome/145.0.0.0 Safari/537.36','2026-03-09 09:02:18',NULL,4);
/*!40000 ALTER TABLE `chat_sessions` ENABLE KEYS */;
UNLOCK TABLES;

--
-- Table structure for table `chatbot_settings`
--

DROP TABLE IF EXISTS `chatbot_settings`;
/*!40101 SET @saved_cs_client     = @@character_set_client */;
/*!50503 SET character_set_client = utf8mb4 */;
CREATE TABLE `chatbot_settings` (
  `id` int NOT NULL AUTO_INCREMENT,
  `setting_key` varchar(100) COLLATE utf8mb4_unicode_ci NOT NULL COMMENT 'Khóa cài đặt',
  `setting_value` text COLLATE utf8mb4_unicode_ci NOT NULL COMMENT 'Giá trị cài đặt',
  `setting_type` enum('color','text','boolean','number','json') COLLATE utf8mb4_unicode_ci NOT NULL DEFAULT 'text',
  `description` varchar(500) COLLATE utf8mb4_unicode_ci DEFAULT NULL COMMENT 'Mô tả cài đặt',
  `updated_by` int DEFAULT NULL,
  `created_at` datetime NOT NULL DEFAULT CURRENT_TIMESTAMP,
  `updated_at` datetime NOT NULL DEFAULT CURRENT_TIMESTAMP ON UPDATE CURRENT_TIMESTAMP,
  PRIMARY KEY (`id`),
  UNIQUE KEY `setting_key` (`setting_key`),
  KEY `updated_by` (`updated_by`),
  CONSTRAINT `chatbot_settings_ibfk_1` FOREIGN KEY (`updated_by`) REFERENCES `admins` (`id`) ON DELETE SET NULL
) ENGINE=InnoDB AUTO_INCREMENT=15 DEFAULT CHARSET=utf8mb4 COLLATE=utf8mb4_unicode_ci COMMENT='Cài đặt giao diện và hiển thị chatbot';
/*!40101 SET character_set_client = @saved_cs_client */;

--
-- Dumping data for table `chatbot_settings`
--

LOCK TABLES `chatbot_settings` WRITE;
/*!40000 ALTER TABLE `chatbot_settings` DISABLE KEYS */;
INSERT INTO `chatbot_settings` VALUES (1,'chatbot_enabled','true','boolean','Bật/Tắt hiển thị chatbot trên website',2,'2026-03-04 09:51:16','2026-03-05 13:44:51'),(2,'chatbot_title','Chatbot Thư Viện','text','Tiêu đề chatbot',2,'2026-03-04 09:51:16','2026-03-05 13:44:51'),(3,'welcome_message','Xin chào! Tôi là trợ lý thư viện TVU. Mình giúp gì được cho bạn?','text','Tin nhắn chào mừng',2,'2026-03-04 09:51:16','2026-03-05 13:44:51'),(4,'primary_color','#1976d2','color','Màu chính của chatbot',2,'2026-03-04 09:51:16','2026-03-05 13:44:51'),(5,'secondary_color','#FFFFFF','color','Màu phụ của chatbot',NULL,'2026-03-04 09:51:16','2026-03-04 09:51:16'),(6,'header_bg_color','#1976d2','color','Màu nền header chatbot',2,'2026-03-04 09:51:16','2026-03-05 13:44:51'),(7,'header_text_color','#ffffff','color','Màu chữ header chatbot',2,'2026-03-04 09:51:16','2026-03-05 13:44:51'),(8,'user_bubble_color','#e3f2fd','color','Màu bong bóng chat người dùng',2,'2026-03-04 09:51:16','2026-03-05 13:44:51'),(9,'bot_bubble_color','#f5f5f5','color','Màu bong bóng chat bot',2,'2026-03-04 09:51:16','2026-03-05 13:44:51'),(10,'button_color','#1976d2','color','Màu nút mở chatbot',2,'2026-03-04 09:51:16','2026-03-05 13:44:51'),(11,'button_position','{\"bottom\": \"20px\", \"right\": \"20px\"}','json','Vị trí nút chatbot',NULL,'2026-03-04 09:51:16','2026-03-04 09:51:16'),(12,'bot_avatar','/assets/bot-avatar.png','text','Đường dẫn avatar bot',NULL,'2026-03-04 09:51:16','2026-03-04 09:51:16'),(13,'no_answer_message','Cảm ơn bạn đã đặt câu hỏi! Hiện tại mình chưa tìm thấy thông tin phù hợp cho câu hỏi này. Bạn có thể thử hỏi lại theo cách khác, hoặc liên hệ trực tiếp với thủ thư qua số (02943) 855 246 hoặc email celras@tvu.edu.vn để được hỗ trợ tận tình nhé! ?','text','Tin nhắn khi không tìm thấy câu trả lời',2,'2026-03-04 09:51:16','2026-03-06 10:48:42'),(14,'max_suggestions','5','number','Số câu hỏi gợi ý tối đa',NULL,'2026-03-04 09:51:16','2026-03-04 09:51:16');
/*!40000 ALTER TABLE `chatbot_settings` ENABLE KEYS */;
UNLOCK TABLES;

--
-- Table structure for table `datasets`
--

DROP TABLE IF EXISTS `datasets`;
/*!40101 SET @saved_cs_client     = @@character_set_client */;
/*!50503 SET character_set_client = utf8mb4 */;
CREATE TABLE `datasets` (
  `id` int NOT NULL AUTO_INCREMENT,
  `file_name` varchar(500) COLLATE utf8mb4_unicode_ci NOT NULL COMMENT 'Tên file gốc',
  `file_path` text COLLATE utf8mb4_unicode_ci NOT NULL COMMENT 'Đường dẫn lưu trữ file',
  `file_type` enum('word','pdf') COLLATE utf8mb4_unicode_ci NOT NULL COMMENT 'Loại file',
  `file_size` bigint NOT NULL DEFAULT '0' COMMENT 'Kích thước file (bytes)',
  `total_questions` int NOT NULL DEFAULT '0' COMMENT 'Số câu hỏi được import',
  `status` enum('pending','processing','completed','failed') COLLATE utf8mb4_unicode_ci NOT NULL DEFAULT 'pending',
  `error_message` text COLLATE utf8mb4_unicode_ci COMMENT 'Thông báo lỗi nếu import thất bại',
  `uploaded_by` int DEFAULT NULL,
  `created_at` datetime NOT NULL DEFAULT CURRENT_TIMESTAMP,
  `updated_at` datetime NOT NULL DEFAULT CURRENT_TIMESTAMP ON UPDATE CURRENT_TIMESTAMP,
  PRIMARY KEY (`id`),
  KEY `uploaded_by` (`uploaded_by`),
  CONSTRAINT `datasets_ibfk_1` FOREIGN KEY (`uploaded_by`) REFERENCES `admins` (`id`) ON DELETE SET NULL
) ENGINE=InnoDB AUTO_INCREMENT=27 DEFAULT CHARSET=utf8mb4 COLLATE=utf8mb4_unicode_ci COMMENT='Quản lý file dữ liệu được upload (Word, PDF)';
/*!40101 SET character_set_client = @saved_cs_client */;

--
-- Dumping data for table `datasets`
--

LOCK TABLES `datasets` WRITE;
/*!40000 ALTER TABLE `datasets` DISABLE KEYS */;
INSERT INTO `datasets` VALUES (1,'QĐ 3773 Vv ban hanh quy dinh cong tac phoi hop phuc vu ban doc tai Trung tam hoc lieu thuoc TVU.pdf','D:\\xampp\\htdocs\\DuAnChatbotThuVien\\app\\config/../../public/uploads/2026/03/1772594453_QĐ 3773 Vv ban hanh quy dinh cong tac phoi hop phuc vu ban doc tai Trung tam hoc lieu thuoc TVU.pdf','pdf',1235747,0,'failed','Không thể đọc nội dung file. File có thể là ảnh scan hoặc bị mã hóa.',1,'2026-03-04 10:20:53','2026-03-04 10:20:53'),(2,'QĐ 3773 Vv ban hanh quy dinh cong tac phoi hop phuc vu ban doc tai Trung tam hoc lieu thuoc TVU.pdf','D:\\xampp\\htdocs\\DuAnChatbotThuVien\\app\\config/../../public/uploads/2026/03/1772594469_QĐ 3773 Vv ban hanh quy dinh cong tac phoi hop phuc vu ban doc tai Trung tam hoc lieu thuoc TVU.pdf','pdf',1235747,0,'failed','Không thể đọc nội dung file. File có thể là ảnh scan hoặc bị mã hóa.',1,'2026-03-04 10:21:09','2026-03-04 10:21:09'),(3,'QĐ 3773 Vv ban hanh quy dinh cong tac phoi hop phuc vu ban doc tai Trung tam hoc lieu thuoc TVU.pdf','D:\\xampp\\htdocs\\DuAnChatbotThuVien\\app\\config/../../public/uploads/2026/03/1772594625_QĐ 3773 Vv ban hanh quy dinh cong tac phoi hop phuc vu ban doc tai Trung tam hoc lieu thuoc TVU.pdf','pdf',1235747,0,'failed','Không thể đọc nội dung file. File có thể là ảnh scan hoặc bị mã hóa.',1,'2026-03-04 10:23:45','2026-03-04 10:23:45'),(4,'QĐ 3773 Vv ban hanh quy dinh cong tac phoi hop phuc vu ban doc tai Trung tam hoc lieu thuoc TVU.pdf','D:\\xampp\\htdocs\\DuAnChatbotThuVien\\app\\config/../../public/uploads/2026/03/1772594666_QĐ 3773 Vv ban hanh quy dinh cong tac phoi hop phuc vu ban doc tai Trung tam hoc lieu thuoc TVU.pdf','pdf',1235747,0,'failed','Không thể đọc nội dung file. File có thể là ảnh scan hoặc bị mã hóa.',1,'2026-03-04 10:24:26','2026-03-04 10:24:26'),(5,'CHỨC NĂNG CỦA CHATBOT THƯ VIỆN.docx','D:\\xampp\\htdocs\\DuAnChatbotThuVien\\app\\config/../../public/uploads/2026/03/1772595413_CHỨC NĂNG CỦA CHATBOT THƯ VIỆN.docx','word',33452,0,'processing',NULL,1,'2026-03-04 10:36:53','2026-03-04 10:36:53'),(6,'CHỨC NĂNG CỦA CHATBOT THƯ VIỆN.docx','D:\\xampp\\htdocs\\DuAnChatbotThuVien\\app\\config/../../public/uploads/2026/03/1772596276_CHỨC NĂNG CỦA CHATBOT THƯ VIỆN.docx','word',33452,0,'processing',NULL,1,'2026-03-04 10:51:16','2026-03-04 10:51:16'),(7,'CHỨC NĂNG CỦA CHATBOT THƯ VIỆN.docx','D:\\xampp\\htdocs\\DuAnChatbotThuVien\\app\\config/../../public/uploads/2026/03/1772596563_CHỨC NĂNG CỦA CHATBOT THƯ VIỆN.docx','word',33452,0,'processing',NULL,1,'2026-03-04 10:56:03','2026-03-04 10:56:03'),(8,'CHỨC NĂNG CỦA CHATBOT THƯ VIỆN.docx','D:\\xampp\\htdocs\\DuAnChatbotThuVien\\app\\config/../../public/uploads/2026/03/1772604926_CHỨC NĂNG CỦA CHATBOT THƯ VIỆN.docx','word',33452,1,'completed',NULL,1,'2026-03-04 13:15:26','2026-03-04 13:15:26'),(9,'QD-5552-ban-hanh-Quy-dinh-hoat-dong-phuc-vu-Ban-doc-tai-Trung-tam-Hoc-lieu-Phat-trien-Day-va-Hoc.docx','D:\\xampp\\htdocs\\DuAnChatbotThuVien\\app\\config/../../public/uploads/2026/03/1772608304_QD-5552-ban-hanh-Quy-dinh-hoat-dong-phuc-vu-Ban-doc-tai-Trung-tam-Hoc-lieu-Phat-trien-Day-va-Hoc.docx','word',7729708,1,'completed',NULL,2,'2026-03-04 14:11:44','2026-03-04 14:11:44'),(10,'tb-3356---thong-bao-nop-luu-chieu-luan-an--luan-van--den-an-sau-bao-ve-72624_1_1_1_1_1 (1) (1).docx','D:\\xampp\\htdocs\\DuAnChatbotThuVien\\app\\config/../../public/uploads/2026/03/1772608554_tb-3356---thong-bao-nop-luu-chieu-luan-an--luan-van--den-an-sau-bao-ve-72624_1_1_1_1_1 (1) (1).docx','word',734831,1,'completed',NULL,2,'2026-03-04 14:15:54','2026-03-04 14:15:54'),(11,'tb-3356---thong-bao-nop-luu-chieu-luan-an--luan-van--den-an-sau-bao-ve-72624_1_1_1_1_1 (1) (1).docx','D:\\xampp\\htdocs\\DuAnChatbotThuVien\\app\\config/../../public/uploads/2026/03/1772609683_tb-3356---thong-bao-nop-luu-chieu-luan-an--luan-van--den-an-sau-bao-ve-72624_1_1_1_1_1 (1) (1).docx','word',734831,1,'completed',NULL,2,'2026-03-04 14:34:43','2026-03-04 14:34:43'),(12,'tb-3356---thong-bao-nop-luu-chieu-luan-an--luan-van--den-an-sau-bao-ve-72624_1_1_1_1_1 (1) (1).docx','D:\\xampp\\htdocs\\DuAnChatbotThuVien\\app\\config/../../public/uploads/2026/03/1772610682_tb-3356---thong-bao-nop-luu-chieu-luan-an--luan-van--den-an-sau-bao-ve-72624_1_1_1_1_1 (1) (1).docx','word',734831,1,'completed',NULL,2,'2026-03-04 14:51:22','2026-03-04 14:51:22'),(13,'PHẦN 1.docx','D:\\xampp\\htdocs\\DuAnChatbotThuVien\\app\\config/../../public/uploads/2026/03/1772610936_PHẦN 1.docx','word',36257,10,'completed',NULL,2,'2026-03-04 14:55:36','2026-03-04 14:55:36'),(14,'? BỘ CÂU HỎI – TRẢ LỜI HUẤN LUYỆN CHATBOT.docx','D:\\xampp\\htdocs\\DuAnChatbotThuVien\\app\\config/../../public/uploads/2026/03/1772613368_? BỘ CÂU HỎI – TRẢ LỜI HUẤN LUYỆN CHATBOT.docx','word',37528,23,'completed',NULL,2,'2026-03-04 15:36:08','2026-03-04 15:36:08'),(15,'? BỘ CÂU HỎI – TRẢ LỜI HUẤN LUYỆN CHATBOT.docx','D:\\xampp\\htdocs\\DuAnChatbotThuVien\\app\\config/../../public/uploads/2026/03/1772761185_? BỘ CÂU HỎI – TRẢ LỜI HUẤN LUYỆN CHATBOT.docx','word',37528,23,'completed',NULL,2,'2026-03-06 08:39:46','2026-03-06 08:39:46'),(16,'? BỘ CÂU HỎI – TRẢ LỜI HUẤN LUYỆN CHATBOT.docx','D:\\xampp\\htdocs\\DuAnChatbotThuVien\\app\\config/../../public/uploads/2026/03/1772780771_? BỘ CÂU HỎI – TRẢ LỜI HUẤN LUYỆN CHATBOT.docx','word',37528,0,'completed',NULL,2,'2026-03-06 14:06:11','2026-03-06 14:06:12'),(17,'Document3.docx','D:\\xampp\\htdocs\\DuAnChatbotThuVien\\app\\config/../../public/uploads/2026/03/1772789292_Document3.docx','word',34634,1,'completed',NULL,2,'2026-03-06 16:28:12','2026-03-06 16:28:12'),(18,'Document3.docx','D:\\xampp\\htdocs\\DuAnChatbotThuVien\\app\\config/../../public/uploads/2026/03/1772789422_Document3.docx','word',35091,33,'completed',NULL,2,'2026-03-06 16:30:22','2026-03-06 16:30:23'),(19,'Document3.docx','D:\\xampp\\htdocs\\DuAnChatbotThuVien\\app\\config/../../public/uploads/2026/03/1772790049_Document3.docx','word',35091,32,'completed',NULL,2,'2026-03-06 16:40:49','2026-03-06 16:40:49'),(20,'Document3.docx','D:\\xampp\\htdocs\\DuAnChatbotThuVien\\app\\config/../../public/uploads/2026/03/1772790159_Document3.docx','word',35091,0,'completed',NULL,2,'2026-03-06 16:42:39','2026-03-06 16:42:39'),(21,'Document3.docx','D:\\xampp\\htdocs\\DuAnChatbotThuVien\\app\\config/../../public/uploads/2026/03/1773016963_Document3.docx','word',35091,0,'completed',NULL,2,'2026-03-09 07:42:43','2026-03-09 07:42:43'),(22,'Document3.docx','D:\\xampp\\htdocs\\DuAnChatbotThuVien\\app\\config/../../public/uploads/2026/03/1773017060_Document3.docx','word',35091,0,'completed',NULL,2,'2026-03-09 07:44:20','2026-03-09 07:44:21'),(23,'Document3.docx','D:\\xampp\\htdocs\\DuAnChatbotThuVien\\app\\config/../../public/uploads/2026/03/1773018478_Document3.docx','word',35091,0,'completed',NULL,2,'2026-03-09 08:07:59','2026-03-09 08:07:59'),(24,'Document3.docx','D:\\xampp\\htdocs\\DuAnChatbotThuVien\\app\\config/../../public/uploads/2026/03/1773019305_Document3.docx','word',35091,0,'completed',NULL,2,'2026-03-09 08:21:45','2026-03-09 08:21:45'),(25,'Document3.docx','D:\\xampp\\htdocs\\DuAnChatbotThuVien\\app\\config/../../public/uploads/2026/03/1773020322_Document3.docx','word',35091,0,'completed',NULL,2,'2026-03-09 08:38:43','2026-03-09 08:38:43'),(26,'Q.docx','D:\\xampp\\htdocs\\DuAnChatbotThuVien\\app\\config/../../public/uploads/2026/03/1773023556_Q.docx','word',32331,1,'completed',NULL,2,'2026-03-09 09:32:36','2026-03-09 09:32:36');
/*!40000 ALTER TABLE `datasets` ENABLE KEYS */;
UNLOCK TABLES;

--
-- Table structure for table `event_themes`
--

DROP TABLE IF EXISTS `event_themes`;
/*!40101 SET @saved_cs_client     = @@character_set_client */;
/*!50503 SET character_set_client = utf8mb4 */;
CREATE TABLE `event_themes` (
  `id` int NOT NULL AUTO_INCREMENT,
  `theme_name` varchar(255) COLLATE utf8mb4_unicode_ci NOT NULL COMMENT 'Tên chủ đề (VD: Tết, Noel, Khai giảng...)',
  `theme_key` varchar(50) COLLATE utf8mb4_unicode_ci DEFAULT NULL COMMENT 'CSS class key (vd: tet, halloween...)',
  `primary_color` varchar(20) COLLATE utf8mb4_unicode_ci NOT NULL DEFAULT '#1976D2' COMMENT 'Màu chính',
  `secondary_color` varchar(20) COLLATE utf8mb4_unicode_ci NOT NULL DEFAULT '#FFFFFF' COMMENT 'Màu phụ',
  `header_bg_color` varchar(20) COLLATE utf8mb4_unicode_ci NOT NULL DEFAULT '#1976D2' COMMENT 'Màu nền header',
  `header_text_color` varchar(20) COLLATE utf8mb4_unicode_ci NOT NULL DEFAULT '#FFFFFF' COMMENT 'Màu chữ header',
  `user_bubble_color` varchar(20) COLLATE utf8mb4_unicode_ci NOT NULL DEFAULT '#E3F2FD' COMMENT 'Màu bong bóng người dùng',
  `bot_bubble_color` varchar(20) COLLATE utf8mb4_unicode_ci NOT NULL DEFAULT '#F5F5F5' COMMENT 'Màu bong bóng bot',
  `button_color` varchar(20) COLLATE utf8mb4_unicode_ci NOT NULL DEFAULT '#1976D2' COMMENT 'Màu nút chatbot',
  `font_family` varchar(100) COLLATE utf8mb4_unicode_ci DEFAULT 'Roboto, sans-serif',
  `bot_avatar_url` text COLLATE utf8mb4_unicode_ci COMMENT 'Ảnh avatar chatbot',
  `decorations` text COLLATE utf8mb4_unicode_ci COMMENT 'Emoji/k├¢ tß╗▒ trang tr├¡ (JSON array)',
  `banner_text` varchar(500) COLLATE utf8mb4_unicode_ci DEFAULT NULL COMMENT 'Nß╗Öi dung banner sß╗▒ kiß╗çn',
  `welcome_message` text COLLATE utf8mb4_unicode_ci COMMENT 'Tin nhắn chào mừng',
  `start_date` date DEFAULT NULL COMMENT 'Ngày bắt đầu áp dụng',
  `end_date` date DEFAULT NULL COMMENT 'Ngày kết thúc áp dụng',
  `is_active` tinyint(1) NOT NULL DEFAULT '0' COMMENT 'Đang được kích hoạt',
  `created_by` int DEFAULT NULL,
  `created_at` datetime NOT NULL DEFAULT CURRENT_TIMESTAMP,
  `updated_at` datetime NOT NULL DEFAULT CURRENT_TIMESTAMP ON UPDATE CURRENT_TIMESTAMP,
  PRIMARY KEY (`id`),
  KEY `created_by` (`created_by`),
  CONSTRAINT `event_themes_ibfk_1` FOREIGN KEY (`created_by`) REFERENCES `admins` (`id`) ON DELETE SET NULL
) ENGINE=InnoDB AUTO_INCREMENT=34 DEFAULT CHARSET=utf8mb4 COLLATE=utf8mb4_unicode_ci COMMENT='Chủ đề giao diện chatbot theo sự kiện trong năm';
/*!40101 SET character_set_client = @saved_cs_client */;

--
-- Dumping data for table `event_themes`
--

LOCK TABLES `event_themes` WRITE;
/*!40000 ALTER TABLE `event_themes` DISABLE KEYS */;
INSERT INTO `event_themes` VALUES (1,'Mặc định','mac-dinh','#1976D2','#FFFFFF','#1976D2','#FFFFFF','#E3F2FD','#F5F5F5','#1976D2','Roboto, sans-serif',NULL,NULL,NULL,'Xin chào! Tôi là trợ lý thư viện. Bạn cần tôi giúp gì?',NULL,NULL,1,NULL,'2026-03-04 09:51:16','2026-03-09 07:50:23'),(24,'Tết Nguyên Đán','tet','#dc2626','#fbbf24','#dc2626','#ffffff','#fbbf24','#fff1f2','#dc2626','\'Playfair Display\', serif',NULL,'[\"?\",\"?\",\"?\",\"?\",\"?\",\"?\",\"?\"]','Chúc Mừng Năm Mới! ?','Chào mừng năm mới! Chúc bạn năm mới an khang thịnh vượng! ??',NULL,NULL,0,NULL,'2026-03-06 15:20:34','2026-03-06 15:20:34'),(25,'Tết Trung Thu','trung-thu','#f59e0b','#7c3aed','#1e3a5f','#fbbf24','#fef3c7','#ede9fe','#f59e0b','\'Quicksand\', sans-serif',NULL,'[\"?\",\"?\",\"?\",\"?\",\"⭐\",\"?\",\"?\"]','Vui Tết Trung Thu! ?','Chúc bạn Tết Trung Thu vui vẻ! Tôi có thể giúp gì cho bạn? ?',NULL,NULL,0,NULL,'2026-03-06 15:20:34','2026-03-06 15:20:34'),(26,'Halloween','halloween','#f97316','#6b21a8','#1a1a2e','#f97316','#f97316','#3b0764','#f97316','\'Creepster\', cursive',NULL,'[\"?\",\"?\",\"?\",\"?️\",\"?\",\"?️\",\"?\"]','Happy Halloween! ?','Chuyện gì đã đưa bạn đến đây trong đêm Halloween này? ?',NULL,NULL,0,NULL,'2026-03-06 15:20:34','2026-03-06 16:20:56'),(27,'Giáng Sinh','giang-sinh','#16a34a','#dc2626','#0c4a2f','#ffffff','#dc2626','#dcfce7','#16a34a','\'Mountains of Christmas\', cursive',NULL,'[\"?\",\"?\",\"⛄\",\"?\",\"❄️\",\"?\",\"⭐\"]','Merry Christmas! ?','Giáng Sinh vui vẻ! Tôi là trợ lý thư viện, chúc bạn mùa lễ an lành! ❄️',NULL,NULL,0,NULL,'2026-03-06 15:20:34','2026-03-06 15:21:52'),(28,'Quốc tế Phụ nữ 8/3','8-3','#ec4899','#f472b6','#be185d','#ffffff','#ec4899','#fce7f3','#ec4899','\'Dancing Script\', cursive',NULL,'[\"?\",\"?\",\"?\",\"?\",\"?\",\"?\",\"✨\"]','Chúc Mừng 8/3! ?','Chúc mừng Ngày Quốc tế Phụ nữ! Chúc bạn luôn hạnh phúc và đẹp rạng ngời! ?',NULL,NULL,0,NULL,'2026-03-06 15:20:34','2026-03-09 07:50:03'),(29,'Phụ nữ Việt Nam 20/10','20-10','#e11d48','#fb7185','#9f1239','#ffffff','#e11d48','#ffe4e6','#e11d48','\'Pacifico\', cursive',NULL,'[\"?\",\"?\",\"?\",\"?\",\"?\",\"?\",\"✨\"]','Chúc Mừng 20/10! ?','Chúc mừng Ngày Phụ nữ Việt Nam! Chúc chị em luôn tươi đẹp! ?',NULL,NULL,0,NULL,'2026-03-06 15:20:34','2026-03-09 07:50:23'),(30,'Nhà giáo Việt Nam 20/11','20-11','#7c3aed','#a78bfa','#4c1d95','#ffffff','#7c3aed','#ede9fe','#7c3aed','\'Libre Baskerville\', serif',NULL,'[\"?\",\"?\",\"✏️\",\"?\",\"?\",\"?\",\"⭐\"]','Chúc Mừng 20/11! ?','Chúc mừng Ngày Nhà giáo Việt Nam! Tôn vinh các thầy cô! ?',NULL,NULL,0,NULL,'2026-03-06 15:20:34','2026-03-06 15:20:34'),(31,'Giải phóng miền Nam 30/4','30-4','#dc2626','#fbbf24','#7f1d1d','#fbbf24','#dc2626','#fef9c3','#dc2626','\'Roboto Slab\', serif',NULL,'[\"??\",\"⭐\",\"?\",\"?️\",\"?\",\"?️\",\"?\"]','Mừng 30/4! ??','Kỷ niệm Ngày Giải phóng miền Nam, thống nhất đất nước! ?',NULL,NULL,0,NULL,'2026-03-06 15:20:34','2026-03-06 15:21:13'),(32,'Quốc tế Lao động 1/5','1-5','#2563eb','#3b82f6','#1e3a5f','#ffffff','#2563eb','#dbeafe','#2563eb','\'Montserrat\', sans-serif',NULL,'[\"?\",\"?\",\"⚙️\",\"?️\",\"?\",\"?\",\"?\"]','Chúc Mừng 1/5! ?','Chúc mừng Ngày Quốc tế Lao động! Vinh danh người lao động! ?',NULL,NULL,0,NULL,'2026-03-06 15:20:34','2026-03-06 15:21:23'),(33,'Quốc khánh 2/9','2-9','#dc2626','#fbbf24','#7f1d1d','#ffffff','#dc2626','#fef9c3','#dc2626','\'Playfair Display\', serif',NULL,'[\"??\",\"?\",\"⭐\",\"?\",\"?️\",\"?\",\"?\"]','Mừng Quốc Khánh 2/9! ??','Chúc mừng Ngày Quốc khánh nước Cộng hòa Xã hội Chủ nghĩa Việt Nam! ?',NULL,NULL,0,NULL,'2026-03-06 15:20:34','2026-03-06 15:21:36');
/*!40000 ALTER TABLE `event_themes` ENABLE KEYS */;
UNLOCK TABLES;

--
-- Table structure for table `forms`
--

DROP TABLE IF EXISTS `forms`;
/*!40101 SET @saved_cs_client     = @@character_set_client */;
/*!50503 SET character_set_client = utf8mb4 */;
CREATE TABLE `forms` (
  `id` int NOT NULL AUTO_INCREMENT,
  `name` varchar(255) COLLATE utf8mb4_unicode_ci NOT NULL COMMENT 'Tên biểu mẫu / giấy tờ',
  `description` text COLLATE utf8mb4_unicode_ci COMMENT 'Mô tả nội dung biểu mẫu',
  `url` varchar(1000) COLLATE utf8mb4_unicode_ci NOT NULL COMMENT 'Đường dẫn tới trang biểu mẫu',
  `keywords` text COLLATE utf8mb4_unicode_ci COMMENT 'Từ khóa nhận diện, phân cách bằng dấu phẩy',
  `is_active` tinyint(1) NOT NULL DEFAULT '1',
  `created_by` int DEFAULT NULL,
  `created_at` datetime NOT NULL DEFAULT CURRENT_TIMESTAMP,
  `updated_at` datetime NOT NULL DEFAULT CURRENT_TIMESTAMP ON UPDATE CURRENT_TIMESTAMP,
  PRIMARY KEY (`id`),
  KEY `created_by` (`created_by`),
  CONSTRAINT `forms_ibfk_1` FOREIGN KEY (`created_by`) REFERENCES `admins` (`id`) ON DELETE SET NULL
) ENGINE=InnoDB AUTO_INCREMENT=2 DEFAULT CHARSET=utf8mb4 COLLATE=utf8mb4_unicode_ci COMMENT='Biểu mẫu / giấy tờ – chatbot trả về link khi hỏi';
/*!40101 SET character_set_client = @saved_cs_client */;

--
-- Dumping data for table `forms`
--

LOCK TABLES `forms` WRITE;
/*!40000 ALTER TABLE `forms` DISABLE KEYS */;
INSERT INTO `forms` VALUES (1,'Biểu mẫu Thư viện','Sinh viên có nhu cầu tìm biểu mẫu thì liên hệ nhé','https://drive.google.com/drive/folders/1ncvjUN8WX2HdiVbFIREE2Q9QRQrqj8Zk','Biểu mẫu, hồ sơ.',1,2,'2026-03-05 09:20:23','2026-03-05 09:20:23');
/*!40000 ALTER TABLE `forms` ENABLE KEYS */;
UNLOCK TABLES;

--
-- Table structure for table `keywords`
--

DROP TABLE IF EXISTS `keywords`;
/*!40101 SET @saved_cs_client     = @@character_set_client */;
/*!50503 SET character_set_client = utf8mb4 */;
CREATE TABLE `keywords` (
  `id` int NOT NULL AUTO_INCREMENT,
  `question_id` int NOT NULL,
  `keyword` varchar(255) COLLATE utf8mb4_unicode_ci NOT NULL COMMENT 'Từ khóa liên quan đến câu hỏi',
  `is_auto` tinyint(1) NOT NULL DEFAULT '0' COMMENT 'Từ khóa tự động (1) hay thủ công (0)',
  `language` enum('vi','en','both') COLLATE utf8mb4_unicode_ci NOT NULL DEFAULT 'vi' COMMENT 'Ngôn ngữ từ khóa',
  `created_at` datetime NOT NULL DEFAULT CURRENT_TIMESTAMP,
  PRIMARY KEY (`id`),
  KEY `question_id` (`question_id`),
  KEY `idx_keyword` (`keyword`),
  KEY `idx_language` (`language`),
  KEY `idx_is_auto` (`is_auto`),
  CONSTRAINT `keywords_ibfk_1` FOREIGN KEY (`question_id`) REFERENCES `questions` (`id`) ON DELETE CASCADE
) ENGINE=InnoDB AUTO_INCREMENT=1080 DEFAULT CHARSET=utf8mb4 COLLATE=utf8mb4_unicode_ci COMMENT='Từ khóa để matching câu hỏi người dùng';
/*!40101 SET character_set_client = @saved_cs_client */;

--
-- Dumping data for table `keywords`
--

LOCK TABLES `keywords` WRITE;
/*!40000 ALTER TABLE `keywords` DISABLE KEYS */;
INSERT INTO `keywords` VALUES (4,2,'thời hạn',0,'vi','2026-03-04 09:51:16'),(5,2,'hạn mượn',0,'vi','2026-03-04 09:51:16'),(6,2,'bao lâu',0,'vi','2026-03-04 09:51:16'),(7,3,'làm thẻ',0,'vi','2026-03-04 09:51:16'),(8,3,'đăng ký thẻ',0,'vi','2026-03-04 09:51:16'),(9,3,'thẻ thư viện',0,'vi','2026-03-04 09:51:16'),(10,4,'giờ mở cửa',0,'vi','2026-03-04 09:51:16'),(11,4,'mấy giờ',0,'vi','2026-03-04 09:51:16'),(12,4,'thời gian',0,'vi','2026-03-04 09:51:16'),(13,5,'tra cứu',0,'vi','2026-03-04 09:51:16'),(14,5,'tìm sách',0,'vi','2026-03-04 09:51:16'),(15,5,'OPAC',0,'vi','2026-03-04 09:51:16'),(39,1,'nào để mượn',1,'vi','2026-03-09 09:29:13'),(40,1,'để mượn',1,'vi','2026-03-09 09:29:13'),(41,1,'để mượn sách',1,'vi','2026-03-09 09:29:13'),(42,1,'mượn sách',1,'vi','2026-03-09 09:29:13'),(43,1,'mượn sách ',1,'vi','2026-03-09 09:29:13'),(44,1,'sách ',1,'vi','2026-03-09 09:29:13'),(45,1,'mượn',1,'vi','2026-03-09 09:29:13'),(46,1,'sách',1,'vi','2026-03-09 09:29:13'),(47,1,'borrow book',1,'en','2026-03-09 09:29:13'),(48,1,'borrow',1,'en','2026-03-09 09:29:13'),(49,1,'book',1,'en','2026-03-09 09:29:13'),(50,2,'thời hạn',1,'vi','2026-03-09 09:29:13'),(51,2,'thời hạn mượn',1,'vi','2026-03-09 09:29:13'),(52,2,'hạn mượn',1,'vi','2026-03-09 09:29:13'),(53,2,'hạn mượn sách',1,'vi','2026-03-09 09:29:13'),(54,2,'mượn sách',1,'vi','2026-03-09 09:29:13'),(55,2,'mượn sách là',1,'vi','2026-03-09 09:29:13'),(56,2,'sách là',1,'vi','2026-03-09 09:29:13'),(57,2,'sách là bao',1,'vi','2026-03-09 09:29:13'),(58,2,'là bao lâu',1,'vi','2026-03-09 09:29:13'),(59,2,'bao lâu',1,'vi','2026-03-09 09:29:13'),(60,2,'bao lâu ',1,'vi','2026-03-09 09:29:13'),(61,2,'thời',1,'vi','2026-03-09 09:29:13'),(62,2,'hạn',1,'vi','2026-03-09 09:29:13'),(63,2,'mượn',1,'vi','2026-03-09 09:29:13'),(64,2,'sách',1,'vi','2026-03-09 09:29:13'),(65,2,'borrow book',1,'en','2026-03-09 09:29:13'),(66,2,'borrow',1,'en','2026-03-09 09:29:13'),(67,2,'book',1,'en','2026-03-09 09:29:13'),(68,3,'làm thẻ',1,'vi','2026-03-09 09:29:13'),(69,3,'làm thẻ thư',1,'vi','2026-03-09 09:29:13'),(70,3,'thẻ thư',1,'vi','2026-03-09 09:29:13'),(71,3,'thẻ thư viện',1,'vi','2026-03-09 09:29:13'),(72,3,'thư viện',1,'vi','2026-03-09 09:29:13'),(73,3,'thư viện ở',1,'vi','2026-03-09 09:29:13'),(74,3,'viện ở',1,'vi','2026-03-09 09:29:13'),(75,3,'viện ở đâu',1,'vi','2026-03-09 09:29:13'),(76,3,'ở đâu',1,'vi','2026-03-09 09:29:13'),(77,3,'ở đâu ',1,'vi','2026-03-09 09:29:13'),(78,3,'thẻ',1,'vi','2026-03-09 09:29:13'),(79,3,'thư',1,'vi','2026-03-09 09:29:13'),(80,3,'viện',1,'vi','2026-03-09 09:29:13'),(81,3,'library',1,'en','2026-03-09 09:29:13'),(82,3,'card',1,'en','2026-03-09 09:29:13'),(83,4,'thư viện',1,'vi','2026-03-09 09:29:13'),(84,4,'thư viện mở',1,'vi','2026-03-09 09:29:13'),(85,4,'viện mở',1,'vi','2026-03-09 09:29:13'),(86,4,'viện mở cửa',1,'vi','2026-03-09 09:29:13'),(87,4,'mở cửa',1,'vi','2026-03-09 09:29:13'),(88,4,'mở cửa lúc',1,'vi','2026-03-09 09:29:13'),(89,4,'cửa lúc',1,'vi','2026-03-09 09:29:13'),(90,4,'cửa lúc mấy',1,'vi','2026-03-09 09:29:13'),(91,4,'lúc mấy',1,'vi','2026-03-09 09:29:13'),(92,4,'lúc mấy giờ',1,'vi','2026-03-09 09:29:13'),(93,4,'mấy giờ',1,'vi','2026-03-09 09:29:13'),(94,4,'mấy giờ ',1,'vi','2026-03-09 09:29:13'),(95,4,'thư',1,'vi','2026-03-09 09:29:13'),(96,4,'viện',1,'vi','2026-03-09 09:29:13'),(97,4,'mở',1,'vi','2026-03-09 09:29:13'),(98,4,'library',1,'en','2026-03-09 09:29:13'),(99,4,'open',1,'en','2026-03-09 09:29:13'),(100,5,'làm sao tra',1,'vi','2026-03-09 09:29:13'),(101,5,'sao tra',1,'vi','2026-03-09 09:29:13'),(102,5,'sao tra cứu',1,'vi','2026-03-09 09:29:13'),(103,5,'tra cứu',1,'vi','2026-03-09 09:29:13'),(104,5,'tra cứu sách',1,'vi','2026-03-09 09:29:13'),(105,5,'cứu sách',1,'vi','2026-03-09 09:29:13'),(106,5,'cứu sách trên',1,'vi','2026-03-09 09:29:13'),(107,5,'sách trên',1,'vi','2026-03-09 09:29:13'),(108,5,'sách trên hệ',1,'vi','2026-03-09 09:29:13'),(109,5,'trên hệ',1,'vi','2026-03-09 09:29:13'),(110,5,'trên hệ thống',1,'vi','2026-03-09 09:29:13'),(111,5,'hệ thống',1,'vi','2026-03-09 09:29:13'),(112,5,'hệ thống ',1,'vi','2026-03-09 09:29:13'),(113,5,'thống ',1,'vi','2026-03-09 09:29:13'),(114,5,'tra',1,'vi','2026-03-09 09:29:13'),(115,5,'search',1,'en','2026-03-09 09:29:13'),(116,6,'có bán',1,'vi','2026-03-09 09:29:13'),(117,6,'có bán đồ',1,'vi','2026-03-09 09:29:13'),(118,6,'bán đồ',1,'vi','2026-03-09 09:29:13'),(119,6,'bán đồ ăn',1,'vi','2026-03-09 09:29:13'),(120,6,'đồ ăn',1,'vi','2026-03-09 09:29:13'),(121,6,'đồ ăn vặt',1,'vi','2026-03-09 09:29:13'),(122,6,'ăn vặt',1,'vi','2026-03-09 09:29:13'),(123,6,'ăn vặt không',1,'vi','2026-03-09 09:29:13'),(124,6,'vặt không',1,'vi','2026-03-09 09:29:13'),(125,6,'bán',1,'vi','2026-03-09 09:29:13'),(126,6,'đồ',1,'vi','2026-03-09 09:29:13'),(127,6,'ăn',1,'vi','2026-03-09 09:29:13'),(128,6,'vặt',1,'vi','2026-03-09 09:29:13'),(129,12,'nộp lưu',1,'vi','2026-03-09 09:29:13'),(130,12,'nộp lưu chiểu',1,'vi','2026-03-09 09:29:13'),(131,12,'lưu chiểu',1,'vi','2026-03-09 09:29:13'),(132,12,'lưu chiểu luận',1,'vi','2026-03-09 09:29:13'),(133,12,'chiểu luận',1,'vi','2026-03-09 09:29:13'),(134,12,'chiểu luận án',1,'vi','2026-03-09 09:29:13'),(135,12,'luận án',1,'vi','2026-03-09 09:29:13'),(136,12,'luận án luận',1,'vi','2026-03-09 09:29:13'),(137,12,'án luận',1,'vi','2026-03-09 09:29:13'),(138,12,'án luận văn',1,'vi','2026-03-09 09:29:13'),(139,12,'luận văn',1,'vi','2026-03-09 09:29:13'),(140,12,'luận văn đề',1,'vi','2026-03-09 09:29:13'),(141,12,'văn đề',1,'vi','2026-03-09 09:29:13'),(142,12,'văn đề án',1,'vi','2026-03-09 09:29:13'),(143,12,'đề án',1,'vi','2026-03-09 09:29:13'),(144,12,'thesis',1,'en','2026-03-09 09:29:13'),(145,13,'ai phải',1,'vi','2026-03-09 09:29:13'),(146,13,'ai phải nộp',1,'vi','2026-03-09 09:29:13'),(147,13,'phải nộp',1,'vi','2026-03-09 09:29:13'),(148,13,'phải nộp lưu',1,'vi','2026-03-09 09:29:13'),(149,13,'nộp lưu',1,'vi','2026-03-09 09:29:13'),(150,13,'nộp lưu chiểu',1,'vi','2026-03-09 09:29:13'),(151,13,'lưu chiểu',1,'vi','2026-03-09 09:29:13'),(152,13,'lưu chiểu luận',1,'vi','2026-03-09 09:29:13'),(153,13,'chiểu luận',1,'vi','2026-03-09 09:29:13'),(154,13,'chiểu luận văn',1,'vi','2026-03-09 09:29:13'),(155,13,'luận văn',1,'vi','2026-03-09 09:29:13'),(156,13,'luận văn luận',1,'vi','2026-03-09 09:29:13'),(157,13,'văn luận',1,'vi','2026-03-09 09:29:13'),(158,13,'văn luận án',1,'vi','2026-03-09 09:29:13'),(159,13,'luận án',1,'vi','2026-03-09 09:29:13'),(160,13,'thesis',1,'en','2026-03-09 09:29:13'),(161,14,'nộp lưu',1,'vi','2026-03-09 09:29:13'),(162,14,'nộp lưu chiểu',1,'vi','2026-03-09 09:29:13'),(163,14,'lưu chiểu',1,'vi','2026-03-09 09:29:13'),(164,14,'lưu chiểu bằng',1,'vi','2026-03-09 09:29:13'),(165,14,'chiểu bằng',1,'vi','2026-03-09 09:29:13'),(166,14,'chiểu bằng hình',1,'vi','2026-03-09 09:29:13'),(167,14,'bằng hình',1,'vi','2026-03-09 09:29:13'),(168,14,'bằng hình thức',1,'vi','2026-03-09 09:29:13'),(169,14,'hình thức',1,'vi','2026-03-09 09:29:13'),(170,14,'hình thức nào',1,'vi','2026-03-09 09:29:13'),(171,14,'thức nào',1,'vi','2026-03-09 09:29:13'),(172,14,'thức nào ',1,'vi','2026-03-09 09:29:13'),(173,14,'nộp',1,'vi','2026-03-09 09:29:13'),(174,14,'lưu',1,'vi','2026-03-09 09:29:13'),(175,14,'chiểu',1,'vi','2026-03-09 09:29:13'),(176,15,'gửi file',1,'vi','2026-03-09 09:29:13'),(177,15,'gửi file đến',1,'vi','2026-03-09 09:29:13'),(178,15,'file đến',1,'vi','2026-03-09 09:29:13'),(179,15,'file đến email',1,'vi','2026-03-09 09:29:13'),(180,15,'đến email',1,'vi','2026-03-09 09:29:13'),(181,15,'đến email nào',1,'vi','2026-03-09 09:29:13'),(182,15,'email nào',1,'vi','2026-03-09 09:29:13'),(183,15,'email nào ',1,'vi','2026-03-09 09:29:13'),(184,15,'gửi',1,'vi','2026-03-09 09:29:13'),(185,15,'file',1,'vi','2026-03-09 09:29:13'),(186,15,'email',1,'vi','2026-03-09 09:29:13'),(187,15,'email',1,'en','2026-03-09 09:29:13'),(188,16,'file phải',1,'vi','2026-03-09 09:29:13'),(189,16,'file phải ở',1,'vi','2026-03-09 09:29:13'),(190,16,'phải ở',1,'vi','2026-03-09 09:29:13'),(191,16,'phải ở định',1,'vi','2026-03-09 09:29:13'),(192,16,'ở định',1,'vi','2026-03-09 09:29:13'),(193,16,'ở định dạng',1,'vi','2026-03-09 09:29:13'),(194,16,'định dạng',1,'vi','2026-03-09 09:29:13'),(195,16,'định dạng gì',1,'vi','2026-03-09 09:29:13'),(196,16,'dạng gì',1,'vi','2026-03-09 09:29:13'),(197,16,'dạng gì ',1,'vi','2026-03-09 09:29:13'),(198,16,'file',1,'vi','2026-03-09 09:29:13'),(199,16,'định',1,'vi','2026-03-09 09:29:13'),(200,16,'dạng',1,'vi','2026-03-09 09:29:13'),(201,17,'khi nào bắt',1,'vi','2026-03-09 09:29:13'),(202,17,'nào bắt',1,'vi','2026-03-09 09:29:13'),(203,17,'nào bắt đầu',1,'vi','2026-03-09 09:29:13'),(204,17,'bắt đầu',1,'vi','2026-03-09 09:29:13'),(205,17,'bắt đầu nộp',1,'vi','2026-03-09 09:29:13'),(206,17,'đầu nộp',1,'vi','2026-03-09 09:29:13'),(207,17,'đầu nộp ',1,'vi','2026-03-09 09:29:13'),(208,17,'bắt',1,'vi','2026-03-09 09:29:13'),(209,17,'đầu',1,'vi','2026-03-09 09:29:13'),(210,17,'nộp',1,'vi','2026-03-09 09:29:13'),(211,18,'dùng email',1,'vi','2026-03-09 09:29:13'),(212,18,'dùng email nào',1,'vi','2026-03-09 09:29:13'),(213,18,'email nào',1,'vi','2026-03-09 09:29:13'),(214,18,'email nào để',1,'vi','2026-03-09 09:29:13'),(215,18,'nào để gửi',1,'vi','2026-03-09 09:29:13'),(216,18,'để gửi',1,'vi','2026-03-09 09:29:13'),(217,18,'để gửi ',1,'vi','2026-03-09 09:29:13'),(218,18,'dùng',1,'vi','2026-03-09 09:29:13'),(219,18,'email',1,'vi','2026-03-09 09:29:13'),(220,18,'gửi',1,'vi','2026-03-09 09:29:13'),(221,18,'email',1,'en','2026-03-09 09:29:13'),(222,19,'có được nộp',1,'vi','2026-03-09 09:29:13'),(223,19,'được nộp',1,'vi','2026-03-09 09:29:13'),(224,19,'được nộp thay',1,'vi','2026-03-09 09:29:13'),(225,19,'nộp thay',1,'vi','2026-03-09 09:29:13'),(226,19,'nộp thay không',1,'vi','2026-03-09 09:29:13'),(227,19,'thay không',1,'vi','2026-03-09 09:29:13'),(228,19,'thay không ',1,'vi','2026-03-09 09:29:13'),(229,19,'không ',1,'vi','2026-03-09 09:29:13'),(230,19,'nộp',1,'vi','2026-03-09 09:29:13'),(231,19,'thay',1,'vi','2026-03-09 09:29:13'),(232,20,'viết tiêu',1,'vi','2026-03-09 09:29:13'),(233,20,'viết tiêu đề',1,'vi','2026-03-09 09:29:13'),(234,20,'tiêu đề',1,'vi','2026-03-09 09:29:13'),(235,20,'tiêu đề email',1,'vi','2026-03-09 09:29:13'),(236,20,'đề email',1,'vi','2026-03-09 09:29:13'),(237,20,'đề email thế',1,'vi','2026-03-09 09:29:13'),(238,20,'email thế',1,'vi','2026-03-09 09:29:13'),(239,20,'email thế nào',1,'vi','2026-03-09 09:29:13'),(240,20,'thế nào ',1,'vi','2026-03-09 09:29:13'),(241,20,'viết',1,'vi','2026-03-09 09:29:13'),(242,20,'tiêu',1,'vi','2026-03-09 09:29:13'),(243,20,'đề',1,'vi','2026-03-09 09:29:13'),(244,20,'email',1,'vi','2026-03-09 09:29:13'),(245,20,'email',1,'en','2026-03-09 09:29:13'),(246,21,'đặt tên',1,'vi','2026-03-09 09:29:13'),(247,21,'đặt tên file',1,'vi','2026-03-09 09:29:13'),(248,21,'tên file',1,'vi','2026-03-09 09:29:13'),(249,21,'tên file đính',1,'vi','2026-03-09 09:29:13'),(250,21,'file đính',1,'vi','2026-03-09 09:29:13'),(251,21,'file đính kèm',1,'vi','2026-03-09 09:29:13'),(252,21,'đính kèm',1,'vi','2026-03-09 09:29:13'),(253,21,'đính kèm thế',1,'vi','2026-03-09 09:29:13'),(254,21,'kèm thế',1,'vi','2026-03-09 09:29:13'),(255,21,'kèm thế nào',1,'vi','2026-03-09 09:29:13'),(256,21,'thế nào ',1,'vi','2026-03-09 09:29:13'),(257,21,'đặt',1,'vi','2026-03-09 09:29:13'),(258,21,'tên',1,'vi','2026-03-09 09:29:13'),(259,21,'file',1,'vi','2026-03-09 09:29:13'),(260,21,'đính',1,'vi','2026-03-09 09:29:13'),(261,22,'quy định',1,'vi','2026-03-09 09:29:13'),(262,22,'quy định này',1,'vi','2026-03-09 09:29:13'),(263,22,'định này',1,'vi','2026-03-09 09:29:13'),(264,22,'định này áp',1,'vi','2026-03-09 09:29:13'),(265,22,'này áp',1,'vi','2026-03-09 09:29:13'),(266,22,'này áp dụng',1,'vi','2026-03-09 09:29:13'),(267,22,'áp dụng',1,'vi','2026-03-09 09:29:13'),(268,22,'áp dụng cho',1,'vi','2026-03-09 09:29:13'),(269,22,'dụng cho',1,'vi','2026-03-09 09:29:13'),(270,22,'dụng cho ai',1,'vi','2026-03-09 09:29:13'),(271,22,'cho ai',1,'vi','2026-03-09 09:29:13'),(272,22,'cho ai ',1,'vi','2026-03-09 09:29:13'),(273,22,'quy',1,'vi','2026-03-09 09:29:13'),(274,22,'định',1,'vi','2026-03-09 09:29:13'),(275,22,'áp',1,'vi','2026-03-09 09:29:13'),(276,22,'regulation',1,'en','2026-03-09 09:29:13'),(277,23,'tài nguyên',1,'vi','2026-03-09 09:29:13'),(278,23,'tài nguyên thông',1,'vi','2026-03-09 09:29:13'),(279,23,'nguyên thông',1,'vi','2026-03-09 09:29:13'),(280,23,'nguyên thông tin',1,'vi','2026-03-09 09:29:13'),(281,23,'thông tin',1,'vi','2026-03-09 09:29:13'),(282,23,'thông tin là',1,'vi','2026-03-09 09:29:13'),(283,23,'tin là',1,'vi','2026-03-09 09:29:13'),(284,23,'tin là gì',1,'vi','2026-03-09 09:29:13'),(285,23,'là gì ',1,'vi','2026-03-09 09:29:13'),(286,23,'tài',1,'vi','2026-03-09 09:29:13'),(287,23,'nguyên',1,'vi','2026-03-09 09:29:13'),(288,23,'thông',1,'vi','2026-03-09 09:29:13'),(289,23,'tin',1,'vi','2026-03-09 09:29:13'),(290,24,'tài nguyên',1,'vi','2026-03-09 09:29:13'),(291,24,'tài nguyên thông',1,'vi','2026-03-09 09:29:13'),(292,24,'nguyên thông',1,'vi','2026-03-09 09:29:13'),(293,24,'nguyên thông tin',1,'vi','2026-03-09 09:29:13'),(294,24,'thông tin',1,'vi','2026-03-09 09:29:13'),(295,24,'thông tin mở',1,'vi','2026-03-09 09:29:13'),(296,24,'tin mở',1,'vi','2026-03-09 09:29:13'),(297,24,'tin mở là',1,'vi','2026-03-09 09:29:13'),(298,24,'mở là',1,'vi','2026-03-09 09:29:13'),(299,24,'mở là gì',1,'vi','2026-03-09 09:29:13'),(300,24,'là gì ',1,'vi','2026-03-09 09:29:13'),(301,24,'tài',1,'vi','2026-03-09 09:29:13'),(302,24,'nguyên',1,'vi','2026-03-09 09:29:13'),(303,24,'thông',1,'vi','2026-03-09 09:29:13'),(304,24,'tin',1,'vi','2026-03-09 09:29:13'),(305,25,'quá hạn',1,'vi','2026-03-09 09:29:13'),(306,25,'quá hạn là',1,'vi','2026-03-09 09:29:13'),(307,25,'hạn là',1,'vi','2026-03-09 09:29:13'),(308,25,'hạn là gì',1,'vi','2026-03-09 09:29:13'),(309,25,'là gì ',1,'vi','2026-03-09 09:29:13'),(310,25,'hạn',1,'vi','2026-03-09 09:29:13'),(311,26,'gia hạn',1,'vi','2026-03-09 09:29:13'),(312,26,'gia hạn là',1,'vi','2026-03-09 09:29:13'),(313,26,'hạn là',1,'vi','2026-03-09 09:29:13'),(314,26,'hạn là gì',1,'vi','2026-03-09 09:29:13'),(315,26,'là gì ',1,'vi','2026-03-09 09:29:13'),(316,26,'gia',1,'vi','2026-03-09 09:29:13'),(317,26,'hạn',1,'vi','2026-03-09 09:29:13'),(318,26,'renew',1,'en','2026-03-09 09:29:13'),(319,27,'có mấy nhóm',1,'vi','2026-03-09 09:29:13'),(320,27,'mấy nhóm',1,'vi','2026-03-09 09:29:13'),(321,27,'mấy nhóm đối',1,'vi','2026-03-09 09:29:13'),(322,27,'nhóm đối',1,'vi','2026-03-09 09:29:13'),(323,27,'nhóm đối tượng',1,'vi','2026-03-09 09:29:13'),(324,27,'đối tượng',1,'vi','2026-03-09 09:29:13'),(325,27,'đối tượng sử',1,'vi','2026-03-09 09:29:13'),(326,27,'tượng sử',1,'vi','2026-03-09 09:29:13'),(327,27,'tượng sử dụng',1,'vi','2026-03-09 09:29:13'),(328,27,'sử dụng',1,'vi','2026-03-09 09:29:13'),(329,27,'sử dụng trung',1,'vi','2026-03-09 09:29:13'),(330,27,'dụng trung',1,'vi','2026-03-09 09:29:13'),(331,27,'dụng trung tâm',1,'vi','2026-03-09 09:29:13'),(332,27,'trung tâm',1,'vi','2026-03-09 09:29:13'),(333,27,'trung tâm ',1,'vi','2026-03-09 09:29:13'),(334,28,'thẻ bạn',1,'vi','2026-03-09 09:29:13'),(335,28,'thẻ bạn đọc',1,'vi','2026-03-09 09:29:13'),(336,28,'bạn đọc',1,'vi','2026-03-09 09:29:13'),(337,28,'bạn đọc dùng',1,'vi','2026-03-09 09:29:13'),(338,28,'đọc dùng',1,'vi','2026-03-09 09:29:13'),(339,28,'đọc dùng để',1,'vi','2026-03-09 09:29:13'),(340,28,'dùng để',1,'vi','2026-03-09 09:29:13'),(341,28,'dùng để làm',1,'vi','2026-03-09 09:29:13'),(342,28,'làm gì ',1,'vi','2026-03-09 09:29:13'),(343,28,'thẻ',1,'vi','2026-03-09 09:29:13'),(344,28,'đọc',1,'vi','2026-03-09 09:29:13'),(345,28,'dùng',1,'vi','2026-03-09 09:29:13'),(346,28,'card',1,'en','2026-03-09 09:29:13'),(347,29,'tài khoản',1,'vi','2026-03-09 09:29:13'),(348,29,'tài khoản bạn',1,'vi','2026-03-09 09:29:13'),(349,29,'khoản bạn',1,'vi','2026-03-09 09:29:13'),(350,29,'khoản bạn đọc',1,'vi','2026-03-09 09:29:13'),(351,29,'bạn đọc',1,'vi','2026-03-09 09:29:13'),(352,29,'bạn đọc dùng',1,'vi','2026-03-09 09:29:13'),(353,29,'đọc dùng',1,'vi','2026-03-09 09:29:13'),(354,29,'đọc dùng để',1,'vi','2026-03-09 09:29:13'),(355,29,'dùng để',1,'vi','2026-03-09 09:29:13'),(356,29,'dùng để làm',1,'vi','2026-03-09 09:29:13'),(357,29,'làm gì ',1,'vi','2026-03-09 09:29:13'),(358,29,'tài',1,'vi','2026-03-09 09:29:13'),(359,29,'khoản',1,'vi','2026-03-09 09:29:13'),(360,29,'đọc',1,'vi','2026-03-09 09:29:13'),(361,29,'dùng',1,'vi','2026-03-09 09:29:13'),(362,29,'account',1,'en','2026-03-09 09:29:13'),(363,30,'để được cấp',1,'vi','2026-03-09 09:29:13'),(364,30,'được cấp',1,'vi','2026-03-09 09:29:13'),(365,30,'được cấp tài',1,'vi','2026-03-09 09:29:13'),(366,30,'cấp tài',1,'vi','2026-03-09 09:29:13'),(367,30,'cấp tài khoản',1,'vi','2026-03-09 09:29:13'),(368,30,'tài khoản',1,'vi','2026-03-09 09:29:13'),(369,30,'tài khoản ',1,'vi','2026-03-09 09:29:13'),(370,30,'khoản ',1,'vi','2026-03-09 09:29:13'),(371,30,'cấp',1,'vi','2026-03-09 09:29:13'),(372,30,'tài',1,'vi','2026-03-09 09:29:13'),(373,30,'khoản',1,'vi','2026-03-09 09:29:13'),(374,30,'account',1,'en','2026-03-09 09:29:13'),(375,31,'đối tượng',1,'vi','2026-03-09 09:29:13'),(376,31,'đối tượng 3',1,'vi','2026-03-09 09:29:13'),(377,31,'tượng 3',1,'vi','2026-03-09 09:29:13'),(378,31,'tượng 3 mượn',1,'vi','2026-03-09 09:29:13'),(379,31,'3 mượn',1,'vi','2026-03-09 09:29:13'),(380,31,'3 mượn sách',1,'vi','2026-03-09 09:29:13'),(381,31,'mượn sách',1,'vi','2026-03-09 09:29:13'),(382,31,'mượn sách có',1,'vi','2026-03-09 09:29:13'),(383,31,'sách có',1,'vi','2026-03-09 09:29:13'),(384,31,'sách có cần',1,'vi','2026-03-09 09:29:13'),(385,31,'có cần đặt',1,'vi','2026-03-09 09:29:13'),(386,31,'cần đặt',1,'vi','2026-03-09 09:29:13'),(387,31,'cần đặt cọc',1,'vi','2026-03-09 09:29:13'),(388,31,'đặt cọc',1,'vi','2026-03-09 09:29:13'),(389,31,'đặt cọc không',1,'vi','2026-03-09 09:29:13'),(390,31,'borrow book',1,'en','2026-03-09 09:29:13'),(391,32,'gia hạn',1,'vi','2026-03-09 09:29:13'),(392,32,'gia hạn được',1,'vi','2026-03-09 09:29:13'),(393,32,'hạn được',1,'vi','2026-03-09 09:29:13'),(394,32,'hạn được bao',1,'vi','2026-03-09 09:29:13'),(395,32,'bao nhiêu ngày',1,'vi','2026-03-09 09:29:13'),(396,32,'nhiêu ngày',1,'vi','2026-03-09 09:29:13'),(397,32,'nhiêu ngày ',1,'vi','2026-03-09 09:29:13'),(398,32,'ngày ',1,'vi','2026-03-09 09:29:13'),(399,32,'gia',1,'vi','2026-03-09 09:29:13'),(400,32,'hạn',1,'vi','2026-03-09 09:29:13'),(401,32,'ngày',1,'vi','2026-03-09 09:29:13'),(402,32,'renew',1,'en','2026-03-09 09:29:13'),(403,33,'gia hạn',1,'vi','2026-03-09 09:29:13'),(404,33,'gia hạn được',1,'vi','2026-03-09 09:29:13'),(405,33,'hạn được',1,'vi','2026-03-09 09:29:13'),(406,33,'hạn được mấy',1,'vi','2026-03-09 09:29:13'),(407,33,'được mấy lần',1,'vi','2026-03-09 09:29:13'),(408,33,'mấy lần',1,'vi','2026-03-09 09:29:13'),(409,33,'mấy lần ',1,'vi','2026-03-09 09:29:13'),(410,33,'gia',1,'vi','2026-03-09 09:29:13'),(411,33,'hạn',1,'vi','2026-03-09 09:29:13'),(412,33,'lần',1,'vi','2026-03-09 09:29:13'),(413,33,'renew',1,'en','2026-03-09 09:29:13'),(414,34,'phạt quá',1,'vi','2026-03-09 09:29:13'),(415,34,'phạt quá hạn',1,'vi','2026-03-09 09:29:13'),(416,34,'quá hạn',1,'vi','2026-03-09 09:29:13'),(417,34,'quá hạn bao',1,'vi','2026-03-09 09:29:13'),(418,34,'hạn bao',1,'vi','2026-03-09 09:29:13'),(419,34,'hạn bao nhiêu',1,'vi','2026-03-09 09:29:13'),(420,34,'bao nhiêu tiền',1,'vi','2026-03-09 09:29:13'),(421,34,'nhiêu tiền',1,'vi','2026-03-09 09:29:13'),(422,34,'nhiêu tiền ',1,'vi','2026-03-09 09:29:13'),(423,34,'tiền ',1,'vi','2026-03-09 09:29:13'),(424,34,'phạt',1,'vi','2026-03-09 09:29:13'),(425,34,'hạn',1,'vi','2026-03-09 09:29:13'),(426,34,'tiền',1,'vi','2026-03-09 09:29:13'),(427,34,'fine',1,'en','2026-03-09 09:29:13'),(428,35,'sao để tra',1,'vi','2026-03-09 09:29:13'),(429,35,'để tra',1,'vi','2026-03-09 09:29:13'),(430,35,'để tra cứu',1,'vi','2026-03-09 09:29:13'),(431,35,'tra cứu',1,'vi','2026-03-09 09:29:13'),(432,35,'tra cứu tài',1,'vi','2026-03-09 09:29:13'),(433,35,'cứu tài',1,'vi','2026-03-09 09:29:13'),(434,35,'cứu tài liệu',1,'vi','2026-03-09 09:29:13'),(435,35,'tài liệu',1,'vi','2026-03-09 09:29:13'),(436,35,'tài liệu ',1,'vi','2026-03-09 09:29:13'),(437,35,'liệu ',1,'vi','2026-03-09 09:29:13'),(438,35,'tra',1,'vi','2026-03-09 09:29:13'),(439,35,'cứu',1,'vi','2026-03-09 09:29:13'),(440,35,'tài',1,'vi','2026-03-09 09:29:13'),(441,35,'liệu',1,'vi','2026-03-09 09:29:13'),(442,35,'search',1,'en','2026-03-09 09:29:13'),(443,35,'document',1,'en','2026-03-09 09:29:13'),(444,36,'có thể sử',1,'vi','2026-03-09 09:29:13'),(445,36,'thể sử',1,'vi','2026-03-09 09:29:13'),(446,36,'thể sử dụng',1,'vi','2026-03-09 09:29:13'),(447,36,'sử dụng',1,'vi','2026-03-09 09:29:13'),(448,36,'sử dụng tài',1,'vi','2026-03-09 09:29:13'),(449,36,'dụng tài',1,'vi','2026-03-09 09:29:13'),(450,36,'dụng tài nguyên',1,'vi','2026-03-09 09:29:13'),(451,36,'tài nguyên',1,'vi','2026-03-09 09:29:13'),(452,36,'tài nguyên mở',1,'vi','2026-03-09 09:29:13'),(453,36,'nguyên mở',1,'vi','2026-03-09 09:29:13'),(454,36,'nguyên mở ở',1,'vi','2026-03-09 09:29:13'),(455,36,'mở ở đâu',1,'vi','2026-03-09 09:29:13'),(456,36,'ở đâu',1,'vi','2026-03-09 09:29:13'),(457,36,'ở đâu ',1,'vi','2026-03-09 09:29:13'),(458,36,'sử',1,'vi','2026-03-09 09:29:13'),(459,37,'muốn dùng',1,'vi','2026-03-09 09:29:13'),(460,37,'muốn dùng cơ',1,'vi','2026-03-09 09:29:13'),(461,37,'dùng cơ',1,'vi','2026-03-09 09:29:13'),(462,37,'dùng cơ sở',1,'vi','2026-03-09 09:29:13'),(463,37,'cơ sở',1,'vi','2026-03-09 09:29:13'),(464,37,'cơ sở dữ',1,'vi','2026-03-09 09:29:13'),(465,37,'sở dữ',1,'vi','2026-03-09 09:29:13'),(466,37,'sở dữ liệu',1,'vi','2026-03-09 09:29:13'),(467,37,'dữ liệu',1,'vi','2026-03-09 09:29:13'),(468,37,'dữ liệu bản',1,'vi','2026-03-09 09:29:13'),(469,37,'liệu bản',1,'vi','2026-03-09 09:29:13'),(470,37,'liệu bản quyền',1,'vi','2026-03-09 09:29:13'),(471,37,'bản quyền',1,'vi','2026-03-09 09:29:13'),(472,37,'bản quyền phải',1,'vi','2026-03-09 09:29:13'),(473,37,'quyền phải',1,'vi','2026-03-09 09:29:13'),(474,38,'scan tài',1,'vi','2026-03-09 09:29:13'),(475,38,'scan tài liệu',1,'vi','2026-03-09 09:29:13'),(476,38,'tài liệu',1,'vi','2026-03-09 09:29:13'),(477,38,'tài liệu được',1,'vi','2026-03-09 09:29:13'),(478,38,'liệu được',1,'vi','2026-03-09 09:29:13'),(479,38,'liệu được bao',1,'vi','2026-03-09 09:29:13'),(480,38,'bao nhiêu phần',1,'vi','2026-03-09 09:29:13'),(481,38,'nhiêu phần',1,'vi','2026-03-09 09:29:13'),(482,38,'nhiêu phần trăm',1,'vi','2026-03-09 09:29:13'),(483,38,'phần trăm',1,'vi','2026-03-09 09:29:13'),(484,38,'phần trăm ',1,'vi','2026-03-09 09:29:13'),(485,38,'trăm ',1,'vi','2026-03-09 09:29:13'),(486,38,'scan',1,'vi','2026-03-09 09:29:13'),(487,38,'tài',1,'vi','2026-03-09 09:29:13'),(488,38,'liệu',1,'vi','2026-03-09 09:29:13'),(489,38,'document',1,'en','2026-03-09 09:29:13'),(490,39,'trung tâm',1,'vi','2026-03-09 09:29:13'),(491,39,'trung tâm mở',1,'vi','2026-03-09 09:29:13'),(492,39,'tâm mở',1,'vi','2026-03-09 09:29:13'),(493,39,'tâm mở cửa',1,'vi','2026-03-09 09:29:13'),(494,39,'mở cửa',1,'vi','2026-03-09 09:29:13'),(495,39,'mở cửa khi',1,'vi','2026-03-09 09:29:13'),(496,39,'cửa khi',1,'vi','2026-03-09 09:29:13'),(497,39,'cửa khi nào',1,'vi','2026-03-09 09:29:13'),(498,39,'khi nào ',1,'vi','2026-03-09 09:29:13'),(499,39,'trung',1,'vi','2026-03-09 09:29:13'),(500,39,'tâm',1,'vi','2026-03-09 09:29:13'),(501,39,'mở',1,'vi','2026-03-09 09:29:13'),(502,39,'cửa',1,'vi','2026-03-09 09:29:13'),(503,39,'open',1,'en','2026-03-09 09:29:13'),(504,40,'bạn đọc',1,'vi','2026-03-09 09:29:13'),(505,40,'bạn đọc có',1,'vi','2026-03-09 09:29:13'),(506,40,'đọc có',1,'vi','2026-03-09 09:29:13'),(507,40,'đọc có quyền',1,'vi','2026-03-09 09:29:13'),(508,40,'có quyền',1,'vi','2026-03-09 09:29:13'),(509,40,'có quyền gì',1,'vi','2026-03-09 09:29:13'),(510,40,'quyền gì',1,'vi','2026-03-09 09:29:13'),(511,40,'quyền gì ',1,'vi','2026-03-09 09:29:13'),(512,40,'đọc',1,'vi','2026-03-09 09:29:13'),(513,40,'quyền',1,'vi','2026-03-09 09:29:13'),(514,41,'làm mất',1,'vi','2026-03-09 09:29:13'),(515,41,'làm mất sách',1,'vi','2026-03-09 09:29:13'),(516,41,'mất sách',1,'vi','2026-03-09 09:29:13'),(517,41,'mất sách xử',1,'vi','2026-03-09 09:29:13'),(518,41,'sách xử',1,'vi','2026-03-09 09:29:13'),(519,41,'sách xử lý',1,'vi','2026-03-09 09:29:13'),(520,41,'xử lý',1,'vi','2026-03-09 09:29:13'),(521,41,'xử lý thế',1,'vi','2026-03-09 09:29:13'),(522,41,'lý thế',1,'vi','2026-03-09 09:29:13'),(523,41,'lý thế nào',1,'vi','2026-03-09 09:29:13'),(524,41,'thế nào ',1,'vi','2026-03-09 09:29:13'),(525,41,'mất',1,'vi','2026-03-09 09:29:13'),(526,41,'sách',1,'vi','2026-03-09 09:29:13'),(527,41,'xử',1,'vi','2026-03-09 09:29:13'),(528,41,'lý',1,'vi','2026-03-09 09:29:13'),(529,41,'lost book',1,'en','2026-03-09 09:29:13'),(530,41,'lost',1,'en','2026-03-09 09:29:13'),(531,41,'book',1,'en','2026-03-09 09:29:13'),(532,42,'làm hư',1,'vi','2026-03-09 09:29:13'),(533,42,'làm hư hỏng',1,'vi','2026-03-09 09:29:13'),(534,42,'hư hỏng',1,'vi','2026-03-09 09:29:13'),(535,42,'hư hỏng tài',1,'vi','2026-03-09 09:29:13'),(536,42,'hỏng tài',1,'vi','2026-03-09 09:29:13'),(537,42,'hỏng tài liệu',1,'vi','2026-03-09 09:29:13'),(538,42,'tài liệu',1,'vi','2026-03-09 09:29:13'),(539,42,'tài liệu xử',1,'vi','2026-03-09 09:29:13'),(540,42,'liệu xử',1,'vi','2026-03-09 09:29:13'),(541,42,'liệu xử lý',1,'vi','2026-03-09 09:29:13'),(542,42,'xử lý',1,'vi','2026-03-09 09:29:13'),(543,42,'xử lý thế',1,'vi','2026-03-09 09:29:13'),(544,42,'lý thế',1,'vi','2026-03-09 09:29:13'),(545,42,'lý thế nào',1,'vi','2026-03-09 09:29:13'),(546,42,'thế nào ',1,'vi','2026-03-09 09:29:13'),(547,42,'document',1,'en','2026-03-09 09:29:13'),(548,43,'thể bị khóa',1,'vi','2026-03-09 09:29:13'),(549,43,'bị khóa',1,'vi','2026-03-09 09:29:13'),(550,43,'bị khóa tài',1,'vi','2026-03-09 09:29:13'),(551,43,'khóa tài',1,'vi','2026-03-09 09:29:13'),(552,43,'khóa tài khoản',1,'vi','2026-03-09 09:29:13'),(553,43,'tài khoản',1,'vi','2026-03-09 09:29:13'),(554,43,'tài khoản không',1,'vi','2026-03-09 09:29:13'),(555,43,'khoản không',1,'vi','2026-03-09 09:29:13'),(556,43,'khoản không ',1,'vi','2026-03-09 09:29:13'),(557,43,'không ',1,'vi','2026-03-09 09:29:13'),(558,43,'khóa',1,'vi','2026-03-09 09:29:13'),(559,43,'tài',1,'vi','2026-03-09 09:29:13'),(560,43,'khoản',1,'vi','2026-03-09 09:29:13'),(561,43,'account',1,'en','2026-03-09 09:29:13'),(562,44,'trung tâm',1,'vi','2026-03-09 09:29:13'),(563,44,'trung tâm có',1,'vi','2026-03-09 09:29:13'),(564,44,'tâm có',1,'vi','2026-03-09 09:29:13'),(565,44,'tâm có khen',1,'vi','2026-03-09 09:29:13'),(566,44,'có khen',1,'vi','2026-03-09 09:29:13'),(567,44,'có khen thưởng',1,'vi','2026-03-09 09:29:13'),(568,44,'khen thưởng',1,'vi','2026-03-09 09:29:13'),(569,44,'khen thưởng không',1,'vi','2026-03-09 09:29:13'),(570,44,'thưởng không',1,'vi','2026-03-09 09:29:13'),(571,44,'thưởng không ',1,'vi','2026-03-09 09:29:13'),(572,44,'không ',1,'vi','2026-03-09 09:29:13'),(573,44,'trung',1,'vi','2026-03-09 09:29:13'),(574,44,'tâm',1,'vi','2026-03-09 09:29:13'),(575,44,'khen',1,'vi','2026-03-09 09:29:13'),(576,44,'thưởng',1,'vi','2026-03-09 09:29:13'),(577,45,'hello',1,'vi','2026-03-09 09:29:13'),(578,46,'xin chào',1,'vi','2026-03-09 09:29:13'),(579,46,'chào',1,'vi','2026-03-09 09:29:13'),(580,88,'phòng tài',1,'vi','2026-03-09 09:29:13'),(581,88,'phòng tài liệu',1,'vi','2026-03-09 09:29:13'),(582,88,'tài liệu',1,'vi','2026-03-09 09:29:13'),(583,88,'tài liệu nội',1,'vi','2026-03-09 09:29:13'),(584,88,'liệu nội',1,'vi','2026-03-09 09:29:13'),(585,88,'liệu nội sinh',1,'vi','2026-03-09 09:29:13'),(586,88,'nội sinh',1,'vi','2026-03-09 09:29:13'),(587,88,'nội sinh nằm',1,'vi','2026-03-09 09:29:13'),(588,88,'sinh nằm',1,'vi','2026-03-09 09:29:13'),(589,88,'sinh nằm ở',1,'vi','2026-03-09 09:29:13'),(590,88,'nằm ở',1,'vi','2026-03-09 09:29:13'),(591,88,'nằm ở đâu',1,'vi','2026-03-09 09:29:13'),(592,88,'ở đâu',1,'vi','2026-03-09 09:29:13'),(593,88,'ở đâu ',1,'vi','2026-03-09 09:29:13'),(594,88,'phòng',1,'vi','2026-03-09 09:29:13'),(595,88,'document',1,'en','2026-03-09 09:29:13'),(596,104,'trung tâm',1,'vi','2026-03-09 09:29:13'),(597,104,'trung tâm học',1,'vi','2026-03-09 09:29:13'),(598,104,'tâm học',1,'vi','2026-03-09 09:29:13'),(599,104,'tâm học liệu',1,'vi','2026-03-09 09:29:13'),(600,104,'học liệu',1,'vi','2026-03-09 09:29:13'),(601,104,'học liệu và',1,'vi','2026-03-09 09:29:13'),(602,104,'liệu và',1,'vi','2026-03-09 09:29:13'),(603,104,'liệu và hỗ',1,'vi','2026-03-09 09:29:13'),(604,104,'và hỗ',1,'vi','2026-03-09 09:29:13'),(605,104,'và hỗ trợ',1,'vi','2026-03-09 09:29:13'),(606,104,'hỗ trợ',1,'vi','2026-03-09 09:29:13'),(607,104,'hỗ trợ học',1,'vi','2026-03-09 09:29:13'),(608,104,'trợ học',1,'vi','2026-03-09 09:29:13'),(609,104,'trợ học thuật',1,'vi','2026-03-09 09:29:13'),(610,104,'học thuật',1,'vi','2026-03-09 09:29:13'),(611,105,'sơ đồ',1,'vi','2026-03-09 09:29:13'),(612,105,'sơ đồ trung',1,'vi','2026-03-09 09:29:13'),(613,105,'đồ trung',1,'vi','2026-03-09 09:29:13'),(614,105,'đồ trung tâm',1,'vi','2026-03-09 09:29:13'),(615,105,'trung tâm',1,'vi','2026-03-09 09:29:13'),(616,105,'trung tâm học',1,'vi','2026-03-09 09:29:13'),(617,105,'tâm học',1,'vi','2026-03-09 09:29:13'),(618,105,'tâm học liệu',1,'vi','2026-03-09 09:29:13'),(619,105,'học liệu',1,'vi','2026-03-09 09:29:13'),(620,105,'học liệu được',1,'vi','2026-03-09 09:29:13'),(621,105,'liệu được',1,'vi','2026-03-09 09:29:13'),(622,105,'liệu được cập',1,'vi','2026-03-09 09:29:13'),(623,105,'được cập',1,'vi','2026-03-09 09:29:13'),(624,105,'được cập nhật',1,'vi','2026-03-09 09:29:13'),(625,105,'cập nhật',1,'vi','2026-03-09 09:29:13'),(626,106,'tầng trệt',1,'vi','2026-03-09 09:29:13'),(627,106,'tầng trệt của',1,'vi','2026-03-09 09:29:13'),(628,106,'trệt của',1,'vi','2026-03-09 09:29:13'),(629,106,'trệt của trung',1,'vi','2026-03-09 09:29:13'),(630,106,'của trung',1,'vi','2026-03-09 09:29:13'),(631,106,'của trung tâm',1,'vi','2026-03-09 09:29:13'),(632,106,'trung tâm',1,'vi','2026-03-09 09:29:13'),(633,106,'trung tâm học',1,'vi','2026-03-09 09:29:13'),(634,106,'tâm học',1,'vi','2026-03-09 09:29:13'),(635,106,'tâm học liệu',1,'vi','2026-03-09 09:29:13'),(636,106,'học liệu',1,'vi','2026-03-09 09:29:13'),(637,106,'học liệu có',1,'vi','2026-03-09 09:29:13'),(638,106,'liệu có',1,'vi','2026-03-09 09:29:13'),(639,106,'liệu có những',1,'vi','2026-03-09 09:29:13'),(640,106,'có những khu',1,'vi','2026-03-09 09:29:13'),(641,107,'hội trường',1,'vi','2026-03-09 09:29:13'),(642,107,'hội trường của',1,'vi','2026-03-09 09:29:13'),(643,107,'trường của',1,'vi','2026-03-09 09:29:13'),(644,107,'trường của trung',1,'vi','2026-03-09 09:29:13'),(645,107,'của trung',1,'vi','2026-03-09 09:29:13'),(646,107,'của trung tâm',1,'vi','2026-03-09 09:29:13'),(647,107,'trung tâm',1,'vi','2026-03-09 09:29:13'),(648,107,'trung tâm học',1,'vi','2026-03-09 09:29:13'),(649,107,'tâm học',1,'vi','2026-03-09 09:29:13'),(650,107,'tâm học liệu',1,'vi','2026-03-09 09:29:13'),(651,107,'học liệu',1,'vi','2026-03-09 09:29:13'),(652,107,'học liệu nằm',1,'vi','2026-03-09 09:29:13'),(653,107,'liệu nằm',1,'vi','2026-03-09 09:29:13'),(654,107,'liệu nằm ở',1,'vi','2026-03-09 09:29:13'),(655,107,'nằm ở',1,'vi','2026-03-09 09:29:13'),(656,108,'quầy mượn',1,'vi','2026-03-09 09:29:13'),(657,108,'quầy mượn và',1,'vi','2026-03-09 09:29:13'),(658,108,'mượn và',1,'vi','2026-03-09 09:29:13'),(659,108,'mượn và trả',1,'vi','2026-03-09 09:29:13'),(660,108,'và trả',1,'vi','2026-03-09 09:29:13'),(661,108,'và trả sách',1,'vi','2026-03-09 09:29:13'),(662,108,'trả sách',1,'vi','2026-03-09 09:29:13'),(663,108,'trả sách ở',1,'vi','2026-03-09 09:29:13'),(664,108,'sách ở',1,'vi','2026-03-09 09:29:13'),(665,108,'sách ở tầng',1,'vi','2026-03-09 09:29:13'),(666,108,'ở tầng',1,'vi','2026-03-09 09:29:13'),(667,108,'ở tầng trệt',1,'vi','2026-03-09 09:29:13'),(668,108,'tầng trệt',1,'vi','2026-03-09 09:29:13'),(669,108,'tầng trệt nằm',1,'vi','2026-03-09 09:29:13'),(670,108,'trệt nằm',1,'vi','2026-03-09 09:29:13'),(671,108,'desk borrow',1,'en','2026-03-09 09:29:13'),(672,108,'return book',1,'en','2026-03-09 09:29:13'),(673,109,'ban hỗ',1,'vi','2026-03-09 09:29:13'),(674,109,'ban hỗ trợ',1,'vi','2026-03-09 09:29:13'),(675,109,'hỗ trợ',1,'vi','2026-03-09 09:29:13'),(676,109,'hỗ trợ học',1,'vi','2026-03-09 09:29:13'),(677,109,'trợ học',1,'vi','2026-03-09 09:29:13'),(678,109,'trợ học thuật',1,'vi','2026-03-09 09:29:13'),(679,109,'học thuật',1,'vi','2026-03-09 09:29:13'),(680,109,'học thuật nằm',1,'vi','2026-03-09 09:29:13'),(681,109,'thuật nằm',1,'vi','2026-03-09 09:29:13'),(682,109,'thuật nằm ở',1,'vi','2026-03-09 09:29:13'),(683,109,'nằm ở',1,'vi','2026-03-09 09:29:13'),(684,109,'nằm ở phòng',1,'vi','2026-03-09 09:29:13'),(685,109,'ở phòng',1,'vi','2026-03-09 09:29:13'),(686,109,'ở phòng nào',1,'vi','2026-03-09 09:29:13'),(687,109,'phòng nào',1,'vi','2026-03-09 09:29:13'),(688,110,'phòng tự',1,'vi','2026-03-09 09:29:13'),(689,110,'phòng tự học',1,'vi','2026-03-09 09:29:13'),(690,110,'tự học',1,'vi','2026-03-09 09:29:13'),(691,110,'tự học 1',1,'vi','2026-03-09 09:29:13'),(692,110,'học 1',1,'vi','2026-03-09 09:29:13'),(693,110,'học 1 nằm',1,'vi','2026-03-09 09:29:13'),(694,110,'1 nằm',1,'vi','2026-03-09 09:29:13'),(695,110,'1 nằm ở',1,'vi','2026-03-09 09:29:13'),(696,110,'nằm ở',1,'vi','2026-03-09 09:29:13'),(697,110,'nằm ở đâu',1,'vi','2026-03-09 09:29:13'),(698,110,'ở đâu',1,'vi','2026-03-09 09:29:13'),(699,110,'ở đâu ',1,'vi','2026-03-09 09:29:13'),(700,110,'phòng',1,'vi','2026-03-09 09:29:13'),(701,110,'tự',1,'vi','2026-03-09 09:29:13'),(702,110,'học',1,'vi','2026-03-09 09:29:13'),(703,111,'tầng 2',1,'vi','2026-03-09 09:29:13'),(704,111,'tầng 2 có',1,'vi','2026-03-09 09:29:13'),(705,111,'2 có những',1,'vi','2026-03-09 09:29:13'),(706,111,'có những phòng',1,'vi','2026-03-09 09:29:13'),(707,111,'những phòng',1,'vi','2026-03-09 09:29:13'),(708,111,'những phòng nào',1,'vi','2026-03-09 09:29:13'),(709,111,'phòng nào',1,'vi','2026-03-09 09:29:13'),(710,111,'phòng nào ',1,'vi','2026-03-09 09:29:13'),(711,111,'tầng',1,'vi','2026-03-09 09:29:13'),(712,111,'phòng',1,'vi','2026-03-09 09:29:13'),(713,111,'floor',1,'en','2026-03-09 09:29:13'),(714,112,'phòng học',1,'vi','2026-03-09 09:29:13'),(715,112,'phòng học liệu',1,'vi','2026-03-09 09:29:13'),(716,112,'học liệu',1,'vi','2026-03-09 09:29:13'),(717,112,'học liệu quốc',1,'vi','2026-03-09 09:29:13'),(718,112,'liệu quốc',1,'vi','2026-03-09 09:29:13'),(719,112,'liệu quốc văn',1,'vi','2026-03-09 09:29:13'),(720,112,'quốc văn',1,'vi','2026-03-09 09:29:13'),(721,112,'quốc văn 1',1,'vi','2026-03-09 09:29:13'),(722,112,'văn 1',1,'vi','2026-03-09 09:29:13'),(723,112,'văn 1 nằm',1,'vi','2026-03-09 09:29:13'),(724,112,'1 nằm',1,'vi','2026-03-09 09:29:13'),(725,112,'1 nằm ở',1,'vi','2026-03-09 09:29:13'),(726,112,'nằm ở',1,'vi','2026-03-09 09:29:13'),(727,112,'nằm ở đâu',1,'vi','2026-03-09 09:29:13'),(728,112,'ở đâu',1,'vi','2026-03-09 09:29:13'),(729,113,'phòng nghiên',1,'vi','2026-03-09 09:29:13'),(730,113,'phòng nghiên cứu',1,'vi','2026-03-09 09:29:13'),(731,113,'nghiên cứu',1,'vi','2026-03-09 09:29:13'),(732,113,'nghiên cứu 1',1,'vi','2026-03-09 09:29:13'),(733,113,'cứu 1',1,'vi','2026-03-09 09:29:13'),(734,113,'cứu 1 nằm',1,'vi','2026-03-09 09:29:13'),(735,113,'1 nằm',1,'vi','2026-03-09 09:29:13'),(736,113,'1 nằm ở',1,'vi','2026-03-09 09:29:13'),(737,113,'nằm ở',1,'vi','2026-03-09 09:29:13'),(738,113,'nằm ở đâu',1,'vi','2026-03-09 09:29:13'),(739,113,'ở đâu',1,'vi','2026-03-09 09:29:13'),(740,113,'ở đâu ',1,'vi','2026-03-09 09:29:13'),(741,113,'phòng',1,'vi','2026-03-09 09:29:13'),(742,113,'nghiên',1,'vi','2026-03-09 09:29:13'),(743,113,'cứu',1,'vi','2026-03-09 09:29:13'),(744,113,'research',1,'en','2026-03-09 09:29:13'),(745,114,'phòng tự',1,'vi','2026-03-09 09:29:13'),(746,114,'phòng tự học',1,'vi','2026-03-09 09:29:13'),(747,114,'tự học',1,'vi','2026-03-09 09:29:13'),(748,114,'tự học 2',1,'vi','2026-03-09 09:29:13'),(749,114,'học 2',1,'vi','2026-03-09 09:29:13'),(750,114,'học 2 nằm',1,'vi','2026-03-09 09:29:13'),(751,114,'2 nằm',1,'vi','2026-03-09 09:29:13'),(752,114,'2 nằm ở',1,'vi','2026-03-09 09:29:13'),(753,114,'nằm ở',1,'vi','2026-03-09 09:29:13'),(754,114,'nằm ở đâu',1,'vi','2026-03-09 09:29:13'),(755,114,'ở đâu',1,'vi','2026-03-09 09:29:13'),(756,114,'ở đâu ',1,'vi','2026-03-09 09:29:13'),(757,114,'phòng',1,'vi','2026-03-09 09:29:13'),(758,114,'tự',1,'vi','2026-03-09 09:29:13'),(759,114,'học',1,'vi','2026-03-09 09:29:13'),(760,115,'phòng nghiên',1,'vi','2026-03-09 09:29:13'),(761,115,'phòng nghiên cứu',1,'vi','2026-03-09 09:29:13'),(762,115,'nghiên cứu',1,'vi','2026-03-09 09:29:13'),(763,115,'nghiên cứu 2',1,'vi','2026-03-09 09:29:13'),(764,115,'cứu 2',1,'vi','2026-03-09 09:29:13'),(765,115,'cứu 2 nằm',1,'vi','2026-03-09 09:29:13'),(766,115,'2 nằm',1,'vi','2026-03-09 09:29:13'),(767,115,'2 nằm ở',1,'vi','2026-03-09 09:29:13'),(768,115,'nằm ở',1,'vi','2026-03-09 09:29:13'),(769,115,'nằm ở đâu',1,'vi','2026-03-09 09:29:13'),(770,115,'ở đâu',1,'vi','2026-03-09 09:29:13'),(771,115,'ở đâu ',1,'vi','2026-03-09 09:29:13'),(772,115,'phòng',1,'vi','2026-03-09 09:29:13'),(773,115,'nghiên',1,'vi','2026-03-09 09:29:13'),(774,115,'cứu',1,'vi','2026-03-09 09:29:13'),(775,115,'research',1,'en','2026-03-09 09:29:13'),(776,116,'phòng học',1,'vi','2026-03-09 09:29:13'),(777,116,'phòng học liệu',1,'vi','2026-03-09 09:29:13'),(778,116,'học liệu',1,'vi','2026-03-09 09:29:13'),(779,116,'học liệu quốc',1,'vi','2026-03-09 09:29:13'),(780,116,'liệu quốc',1,'vi','2026-03-09 09:29:13'),(781,116,'liệu quốc văn',1,'vi','2026-03-09 09:29:13'),(782,116,'quốc văn',1,'vi','2026-03-09 09:29:13'),(783,116,'quốc văn 2',1,'vi','2026-03-09 09:29:13'),(784,116,'văn 2',1,'vi','2026-03-09 09:29:13'),(785,116,'văn 2 nằm',1,'vi','2026-03-09 09:29:13'),(786,116,'2 nằm',1,'vi','2026-03-09 09:29:13'),(787,116,'2 nằm ở',1,'vi','2026-03-09 09:29:13'),(788,116,'nằm ở',1,'vi','2026-03-09 09:29:13'),(789,116,'nằm ở đâu',1,'vi','2026-03-09 09:29:13'),(790,116,'ở đâu',1,'vi','2026-03-09 09:29:13'),(791,117,'quầy mượn',1,'vi','2026-03-09 09:29:13'),(792,117,'quầy mượn trả',1,'vi','2026-03-09 09:29:13'),(793,117,'mượn trả',1,'vi','2026-03-09 09:29:13'),(794,117,'mượn trả sách',1,'vi','2026-03-09 09:29:13'),(795,117,'trả sách',1,'vi','2026-03-09 09:29:13'),(796,117,'trả sách ở',1,'vi','2026-03-09 09:29:13'),(797,117,'sách ở',1,'vi','2026-03-09 09:29:13'),(798,117,'sách ở tầng',1,'vi','2026-03-09 09:29:13'),(799,117,'ở tầng',1,'vi','2026-03-09 09:29:13'),(800,117,'ở tầng 2',1,'vi','2026-03-09 09:29:13'),(801,117,'tầng 2',1,'vi','2026-03-09 09:29:13'),(802,117,'tầng 2 nằm',1,'vi','2026-03-09 09:29:13'),(803,117,'2 nằm',1,'vi','2026-03-09 09:29:13'),(804,117,'2 nằm ở',1,'vi','2026-03-09 09:29:13'),(805,117,'nằm ở',1,'vi','2026-03-09 09:29:13'),(806,117,'desk borrow',1,'en','2026-03-09 09:29:13'),(807,117,'desk borrow return',1,'en','2026-03-09 09:29:13'),(808,117,'borrow return',1,'en','2026-03-09 09:29:13'),(809,117,'borrow return book',1,'en','2026-03-09 09:29:13'),(810,117,'return book',1,'en','2026-03-09 09:29:13'),(811,118,'tầng 3',1,'vi','2026-03-09 09:29:13'),(812,118,'tầng 3 có',1,'vi','2026-03-09 09:29:13'),(813,118,'3 có những',1,'vi','2026-03-09 09:29:13'),(814,118,'có những khu',1,'vi','2026-03-09 09:29:13'),(815,118,'những khu',1,'vi','2026-03-09 09:29:13'),(816,118,'những khu vực',1,'vi','2026-03-09 09:29:13'),(817,118,'khu vực',1,'vi','2026-03-09 09:29:13'),(818,118,'khu vực nào',1,'vi','2026-03-09 09:29:13'),(819,118,'vực nào',1,'vi','2026-03-09 09:29:13'),(820,118,'vực nào ',1,'vi','2026-03-09 09:29:13'),(821,118,'tầng',1,'vi','2026-03-09 09:29:13'),(822,118,'khu',1,'vi','2026-03-09 09:29:13'),(823,118,'vực',1,'vi','2026-03-09 09:29:13'),(824,118,'floor',1,'en','2026-03-09 09:29:13'),(825,119,'phòng học',1,'vi','2026-03-09 09:29:13'),(826,119,'phòng học liệu',1,'vi','2026-03-09 09:29:13'),(827,119,'học liệu',1,'vi','2026-03-09 09:29:13'),(828,119,'học liệu ngoại',1,'vi','2026-03-09 09:29:13'),(829,119,'liệu ngoại',1,'vi','2026-03-09 09:29:13'),(830,119,'liệu ngoại văn',1,'vi','2026-03-09 09:29:13'),(831,119,'ngoại văn',1,'vi','2026-03-09 09:29:13'),(832,119,'ngoại văn nằm',1,'vi','2026-03-09 09:29:13'),(833,119,'văn nằm',1,'vi','2026-03-09 09:29:13'),(834,119,'văn nằm ở',1,'vi','2026-03-09 09:29:13'),(835,119,'nằm ở',1,'vi','2026-03-09 09:29:13'),(836,119,'nằm ở đâu',1,'vi','2026-03-09 09:29:13'),(837,119,'ở đâu',1,'vi','2026-03-09 09:29:13'),(838,119,'ở đâu ',1,'vi','2026-03-09 09:29:13'),(839,119,'phòng',1,'vi','2026-03-09 09:29:13'),(840,120,'phòng tài',1,'vi','2026-03-09 09:29:13'),(841,120,'phòng tài liệu',1,'vi','2026-03-09 09:29:13'),(842,120,'tài liệu',1,'vi','2026-03-09 09:29:13'),(843,120,'tài liệu nội',1,'vi','2026-03-09 09:29:13'),(844,120,'liệu nội',1,'vi','2026-03-09 09:29:13'),(845,120,'liệu nội sinh',1,'vi','2026-03-09 09:29:13'),(846,120,'nội sinh',1,'vi','2026-03-09 09:29:13'),(847,120,'nội sinh chứa',1,'vi','2026-03-09 09:29:13'),(848,120,'sinh chứa',1,'vi','2026-03-09 09:29:13'),(849,120,'sinh chứa những',1,'vi','2026-03-09 09:29:13'),(850,120,'chứa những',1,'vi','2026-03-09 09:29:13'),(851,120,'chứa những loại',1,'vi','2026-03-09 09:29:13'),(852,120,'những loại',1,'vi','2026-03-09 09:29:13'),(853,120,'những loại tài',1,'vi','2026-03-09 09:29:13'),(854,120,'loại tài',1,'vi','2026-03-09 09:29:13'),(855,120,'document',1,'en','2026-03-09 09:29:13'),(856,121,'quầy lưu',1,'vi','2026-03-09 09:29:13'),(857,121,'quầy lưu hành',1,'vi','2026-03-09 09:29:13'),(858,121,'lưu hành',1,'vi','2026-03-09 09:29:13'),(859,121,'lưu hành 3',1,'vi','2026-03-09 09:29:13'),(860,121,'hành 3',1,'vi','2026-03-09 09:29:13'),(861,121,'hành 3 dùng',1,'vi','2026-03-09 09:29:13'),(862,121,'3 dùng',1,'vi','2026-03-09 09:29:13'),(863,121,'3 dùng để',1,'vi','2026-03-09 09:29:13'),(864,121,'dùng để',1,'vi','2026-03-09 09:29:13'),(865,121,'dùng để làm',1,'vi','2026-03-09 09:29:13'),(866,121,'làm gì ',1,'vi','2026-03-09 09:29:13'),(867,121,'quầy',1,'vi','2026-03-09 09:29:13'),(868,121,'lưu',1,'vi','2026-03-09 09:29:13'),(869,121,'hành',1,'vi','2026-03-09 09:29:13'),(870,121,'dùng',1,'vi','2026-03-09 09:29:13'),(871,121,'desk',1,'en','2026-03-09 09:29:13'),(872,122,'tầng 4',1,'vi','2026-03-09 09:29:13'),(873,122,'tầng 4 có',1,'vi','2026-03-09 09:29:13'),(874,122,'4 có những',1,'vi','2026-03-09 09:29:13'),(875,122,'có những phòng',1,'vi','2026-03-09 09:29:13'),(876,122,'những phòng',1,'vi','2026-03-09 09:29:13'),(877,122,'những phòng nào',1,'vi','2026-03-09 09:29:13'),(878,122,'phòng nào',1,'vi','2026-03-09 09:29:13'),(879,122,'phòng nào ',1,'vi','2026-03-09 09:29:13'),(880,122,'tầng',1,'vi','2026-03-09 09:29:13'),(881,122,'phòng',1,'vi','2026-03-09 09:29:13'),(882,122,'floor',1,'en','2026-03-09 09:29:13'),(883,123,'phòng học',1,'vi','2026-03-09 09:29:13'),(884,123,'phòng học liệu',1,'vi','2026-03-09 09:29:13'),(885,123,'học liệu',1,'vi','2026-03-09 09:29:13'),(886,123,'học liệu điện',1,'vi','2026-03-09 09:29:13'),(887,123,'liệu điện',1,'vi','2026-03-09 09:29:13'),(888,123,'liệu điện tử',1,'vi','2026-03-09 09:29:13'),(889,123,'điện tử',1,'vi','2026-03-09 09:29:13'),(890,123,'điện tử có',1,'vi','2026-03-09 09:29:13'),(891,123,'tử có',1,'vi','2026-03-09 09:29:13'),(892,123,'tử có những',1,'vi','2026-03-09 09:29:13'),(893,123,'những gì ',1,'vi','2026-03-09 09:29:13'),(894,123,'phòng',1,'vi','2026-03-09 09:29:13'),(895,123,'học',1,'vi','2026-03-09 09:29:13'),(896,123,'liệu',1,'vi','2026-03-09 09:29:13'),(897,123,'điện',1,'vi','2026-03-09 09:29:13'),(898,123,'electronic',1,'en','2026-03-09 09:29:13'),(899,124,'phòng học',1,'vi','2026-03-09 09:29:13'),(900,124,'phòng học liệu',1,'vi','2026-03-09 09:29:13'),(901,124,'học liệu',1,'vi','2026-03-09 09:29:13'),(902,124,'học liệu điện',1,'vi','2026-03-09 09:29:13'),(903,124,'liệu điện',1,'vi','2026-03-09 09:29:13'),(904,124,'liệu điện tử',1,'vi','2026-03-09 09:29:13'),(905,124,'điện tử',1,'vi','2026-03-09 09:29:13'),(906,124,'điện tử nằm',1,'vi','2026-03-09 09:29:13'),(907,124,'tử nằm',1,'vi','2026-03-09 09:29:13'),(908,124,'tử nằm ở',1,'vi','2026-03-09 09:29:13'),(909,124,'nằm ở',1,'vi','2026-03-09 09:29:13'),(910,124,'nằm ở đâu',1,'vi','2026-03-09 09:29:13'),(911,124,'ở đâu',1,'vi','2026-03-09 09:29:13'),(912,124,'ở đâu ',1,'vi','2026-03-09 09:29:13'),(913,124,'phòng',1,'vi','2026-03-09 09:29:13'),(914,124,'electronic',1,'en','2026-03-09 09:29:13'),(915,125,'phòng tự',1,'vi','2026-03-09 09:29:13'),(916,125,'phòng tự học',1,'vi','2026-03-09 09:29:13'),(917,125,'tự học',1,'vi','2026-03-09 09:29:13'),(918,125,'tự học 4',1,'vi','2026-03-09 09:29:13'),(919,125,'học 4',1,'vi','2026-03-09 09:29:13'),(920,125,'học 4 và',1,'vi','2026-03-09 09:29:13'),(921,125,'4 và phòng',1,'vi','2026-03-09 09:29:13'),(922,125,'và phòng',1,'vi','2026-03-09 09:29:13'),(923,125,'và phòng học',1,'vi','2026-03-09 09:29:13'),(924,125,'phòng học',1,'vi','2026-03-09 09:29:13'),(925,125,'phòng học nhóm',1,'vi','2026-03-09 09:29:13'),(926,125,'học nhóm',1,'vi','2026-03-09 09:29:13'),(927,125,'học nhóm nằm',1,'vi','2026-03-09 09:29:13'),(928,125,'nhóm nằm',1,'vi','2026-03-09 09:29:13'),(929,125,'nhóm nằm ở',1,'vi','2026-03-09 09:29:13'),(930,126,'tầng 5',1,'vi','2026-03-09 09:29:13'),(931,126,'tầng 5 có',1,'vi','2026-03-09 09:29:13'),(932,126,'5 có những',1,'vi','2026-03-09 09:29:13'),(933,126,'có những phòng',1,'vi','2026-03-09 09:29:13'),(934,126,'những phòng',1,'vi','2026-03-09 09:29:13'),(935,126,'những phòng nào',1,'vi','2026-03-09 09:29:13'),(936,126,'phòng nào',1,'vi','2026-03-09 09:29:13'),(937,126,'phòng nào ',1,'vi','2026-03-09 09:29:13'),(938,126,'tầng',1,'vi','2026-03-09 09:29:13'),(939,126,'phòng',1,'vi','2026-03-09 09:29:13'),(940,126,'floor',1,'en','2026-03-09 09:29:13'),(941,127,'phòng giám',1,'vi','2026-03-09 09:29:13'),(942,127,'phòng giám đốc',1,'vi','2026-03-09 09:29:13'),(943,127,'giám đốc',1,'vi','2026-03-09 09:29:13'),(944,127,'giám đốc nằm',1,'vi','2026-03-09 09:29:13'),(945,127,'đốc nằm',1,'vi','2026-03-09 09:29:13'),(946,127,'đốc nằm ở',1,'vi','2026-03-09 09:29:13'),(947,127,'nằm ở',1,'vi','2026-03-09 09:29:13'),(948,127,'nằm ở đâu',1,'vi','2026-03-09 09:29:13'),(949,127,'ở đâu',1,'vi','2026-03-09 09:29:13'),(950,127,'ở đâu ',1,'vi','2026-03-09 09:29:13'),(951,127,'phòng',1,'vi','2026-03-09 09:29:13'),(952,127,'giám',1,'vi','2026-03-09 09:29:13'),(953,127,'đốc',1,'vi','2026-03-09 09:29:13'),(954,127,'nằm',1,'vi','2026-03-09 09:29:13'),(955,128,'phòng lưu',1,'vi','2026-03-09 09:29:13'),(956,128,'phòng lưu hành',1,'vi','2026-03-09 09:29:13'),(957,128,'lưu hành',1,'vi','2026-03-09 09:29:13'),(958,128,'lưu hành và',1,'vi','2026-03-09 09:29:13'),(959,128,'hành và',1,'vi','2026-03-09 09:29:13'),(960,128,'hành và phó',1,'vi','2026-03-09 09:29:13'),(961,128,'và phó',1,'vi','2026-03-09 09:29:13'),(962,128,'và phó giám',1,'vi','2026-03-09 09:29:13'),(963,128,'phó giám',1,'vi','2026-03-09 09:29:13'),(964,128,'phó giám đốc',1,'vi','2026-03-09 09:29:13'),(965,128,'giám đốc',1,'vi','2026-03-09 09:29:13'),(966,128,'giám đốc nằm',1,'vi','2026-03-09 09:29:13'),(967,128,'đốc nằm',1,'vi','2026-03-09 09:29:13'),(968,128,'đốc nằm ở',1,'vi','2026-03-09 09:29:13'),(969,128,'nằm ở',1,'vi','2026-03-09 09:29:13'),(970,129,'phòng kỹ',1,'vi','2026-03-09 09:29:13'),(971,129,'phòng kỹ thuật',1,'vi','2026-03-09 09:29:13'),(972,129,'kỹ thuật',1,'vi','2026-03-09 09:29:13'),(973,129,'kỹ thuật và',1,'vi','2026-03-09 09:29:13'),(974,129,'thuật và',1,'vi','2026-03-09 09:29:13'),(975,129,'thuật và phát',1,'vi','2026-03-09 09:29:13'),(976,129,'và phát',1,'vi','2026-03-09 09:29:13'),(977,129,'và phát triển',1,'vi','2026-03-09 09:29:13'),(978,129,'phát triển',1,'vi','2026-03-09 09:29:13'),(979,129,'phát triển tài',1,'vi','2026-03-09 09:29:13'),(980,129,'triển tài',1,'vi','2026-03-09 09:29:13'),(981,129,'triển tài liệu',1,'vi','2026-03-09 09:29:13'),(982,129,'tài liệu',1,'vi','2026-03-09 09:29:13'),(983,129,'tài liệu số',1,'vi','2026-03-09 09:29:13'),(984,129,'liệu số',1,'vi','2026-03-09 09:29:13'),(985,129,'document',1,'en','2026-03-09 09:29:13'),(986,130,'phòng nghiệp',1,'vi','2026-03-09 09:29:13'),(987,130,'phòng nghiệp vụ',1,'vi','2026-03-09 09:29:13'),(988,130,'nghiệp vụ',1,'vi','2026-03-09 09:29:13'),(989,130,'nghiệp vụ -',1,'vi','2026-03-09 09:29:13'),(990,130,'vụ - biên',1,'vi','2026-03-09 09:29:13'),(991,130,'- biên',1,'vi','2026-03-09 09:29:13'),(992,130,'- biên mục',1,'vi','2026-03-09 09:29:13'),(993,130,'biên mục',1,'vi','2026-03-09 09:29:13'),(994,130,'biên mục nằm',1,'vi','2026-03-09 09:29:13'),(995,130,'mục nằm',1,'vi','2026-03-09 09:29:13'),(996,130,'mục nằm ở',1,'vi','2026-03-09 09:29:13'),(997,130,'nằm ở',1,'vi','2026-03-09 09:29:13'),(998,130,'nằm ở đâu',1,'vi','2026-03-09 09:29:13'),(999,130,'ở đâu',1,'vi','2026-03-09 09:29:13'),(1000,130,'ở đâu ',1,'vi','2026-03-09 09:29:13'),(1001,131,'ban phát',1,'vi','2026-03-09 09:29:13'),(1002,131,'ban phát triển',1,'vi','2026-03-09 09:29:13'),(1003,131,'phát triển',1,'vi','2026-03-09 09:29:13'),(1004,131,'phát triển chương',1,'vi','2026-03-09 09:29:13'),(1005,131,'triển chương',1,'vi','2026-03-09 09:29:13'),(1006,131,'triển chương trình',1,'vi','2026-03-09 09:29:13'),(1007,131,'chương trình',1,'vi','2026-03-09 09:29:13'),(1008,131,'chương trình nằm',1,'vi','2026-03-09 09:29:13'),(1009,131,'trình nằm',1,'vi','2026-03-09 09:29:13'),(1010,131,'trình nằm ở',1,'vi','2026-03-09 09:29:13'),(1011,131,'nằm ở',1,'vi','2026-03-09 09:29:13'),(1012,131,'nằm ở đâu',1,'vi','2026-03-09 09:29:13'),(1013,131,'ở đâu',1,'vi','2026-03-09 09:29:13'),(1014,131,'ở đâu ',1,'vi','2026-03-09 09:29:13'),(1015,131,'ban',1,'vi','2026-03-09 09:29:13'),(1016,132,'phòng tập',1,'vi','2026-03-09 09:29:13'),(1017,132,'phòng tập huấn',1,'vi','2026-03-09 09:29:13'),(1018,132,'tập huấn',1,'vi','2026-03-09 09:29:13'),(1019,132,'tập huấn nằm',1,'vi','2026-03-09 09:29:13'),(1020,132,'huấn nằm',1,'vi','2026-03-09 09:29:13'),(1021,132,'huấn nằm ở',1,'vi','2026-03-09 09:29:13'),(1022,132,'nằm ở',1,'vi','2026-03-09 09:29:13'),(1023,132,'nằm ở đâu',1,'vi','2026-03-09 09:29:13'),(1024,132,'ở đâu',1,'vi','2026-03-09 09:29:13'),(1025,132,'ở đâu ',1,'vi','2026-03-09 09:29:13'),(1026,132,'phòng',1,'vi','2026-03-09 09:29:13'),(1027,132,'tập',1,'vi','2026-03-09 09:29:13'),(1028,132,'huấn',1,'vi','2026-03-09 09:29:13'),(1029,132,'nằm',1,'vi','2026-03-09 09:29:13'),(1030,133,'tầng 6',1,'vi','2026-03-09 09:29:13'),(1031,133,'tầng 6 có',1,'vi','2026-03-09 09:29:13'),(1032,133,'6 có những',1,'vi','2026-03-09 09:29:13'),(1033,133,'có những khu',1,'vi','2026-03-09 09:29:13'),(1034,133,'những khu',1,'vi','2026-03-09 09:29:13'),(1035,133,'những khu vực',1,'vi','2026-03-09 09:29:13'),(1036,133,'khu vực',1,'vi','2026-03-09 09:29:13'),(1037,133,'khu vực nào',1,'vi','2026-03-09 09:29:13'),(1038,133,'vực nào',1,'vi','2026-03-09 09:29:13'),(1039,133,'vực nào ',1,'vi','2026-03-09 09:29:13'),(1040,133,'tầng',1,'vi','2026-03-09 09:29:13'),(1041,133,'khu',1,'vi','2026-03-09 09:29:13'),(1042,133,'vực',1,'vi','2026-03-09 09:29:13'),(1043,133,'floor',1,'en','2026-03-09 09:29:13'),(1044,134,'phòng tự',1,'vi','2026-03-09 09:29:13'),(1045,134,'phòng tự học',1,'vi','2026-03-09 09:29:13'),(1046,134,'tự học',1,'vi','2026-03-09 09:29:13'),(1047,134,'tự học 5',1,'vi','2026-03-09 09:29:13'),(1048,134,'học 5',1,'vi','2026-03-09 09:29:13'),(1049,134,'học 5 nằm',1,'vi','2026-03-09 09:29:13'),(1050,134,'5 nằm',1,'vi','2026-03-09 09:29:13'),(1051,134,'5 nằm ở',1,'vi','2026-03-09 09:29:13'),(1052,134,'nằm ở',1,'vi','2026-03-09 09:29:13'),(1053,134,'nằm ở đâu',1,'vi','2026-03-09 09:29:13'),(1054,134,'ở đâu',1,'vi','2026-03-09 09:29:13'),(1055,134,'ở đâu ',1,'vi','2026-03-09 09:29:13'),(1056,134,'phòng',1,'vi','2026-03-09 09:29:13'),(1057,134,'tự',1,'vi','2026-03-09 09:29:13'),(1058,134,'học',1,'vi','2026-03-09 09:29:13'),(1059,135,'trung tâm',1,'vi','2026-03-09 09:29:13'),(1060,135,'trung tâm học',1,'vi','2026-03-09 09:29:13'),(1061,135,'tâm học',1,'vi','2026-03-09 09:29:13'),(1062,135,'tâm học liệu',1,'vi','2026-03-09 09:29:13'),(1063,135,'học liệu',1,'vi','2026-03-09 09:29:13'),(1064,135,'học liệu có',1,'vi','2026-03-09 09:29:13'),(1065,135,'liệu có',1,'vi','2026-03-09 09:29:13'),(1066,135,'liệu có khu',1,'vi','2026-03-09 09:29:13'),(1067,135,'có khu',1,'vi','2026-03-09 09:29:13'),(1068,135,'có khu tự',1,'vi','2026-03-09 09:29:13'),(1069,135,'khu tự',1,'vi','2026-03-09 09:29:13'),(1070,135,'khu tự học',1,'vi','2026-03-09 09:29:13'),(1071,135,'tự học',1,'vi','2026-03-09 09:29:13'),(1072,135,'tự học sân',1,'vi','2026-03-09 09:29:13'),(1073,135,'học sân',1,'vi','2026-03-09 09:29:13');
/*!40000 ALTER TABLE `keywords` ENABLE KEYS */;
UNLOCK TABLES;

--
-- Table structure for table `questions`
--

DROP TABLE IF EXISTS `questions`;
/*!40101 SET @saved_cs_client     = @@character_set_client */;
/*!50503 SET character_set_client = utf8mb4 */;
CREATE TABLE `questions` (
  `id` int NOT NULL AUTO_INCREMENT,
  `category_id` int DEFAULT NULL,
  `question_text` text COLLATE utf8mb4_unicode_ci NOT NULL COMMENT 'Nội dung câu hỏi',
  `answer_text` text COLLATE utf8mb4_unicode_ci NOT NULL COMMENT 'Nội dung trả lời',
  `answer_text_en` text COLLATE utf8mb4_unicode_ci,
  `source_type` enum('manual','word','pdf') COLLATE utf8mb4_unicode_ci NOT NULL DEFAULT 'manual' COMMENT 'Phương thức nhập',
  `dataset_id` int DEFAULT NULL COMMENT 'ID bộ dữ liệu nếu import từ file',
  `priority` int NOT NULL DEFAULT '0' COMMENT 'Độ ưu tiên hiển thị',
  `is_active` tinyint(1) NOT NULL DEFAULT '1',
  `created_by` int DEFAULT NULL,
  `created_at` datetime NOT NULL DEFAULT CURRENT_TIMESTAMP,
  `updated_at` datetime NOT NULL DEFAULT CURRENT_TIMESTAMP ON UPDATE CURRENT_TIMESTAMP,
  PRIMARY KEY (`id`),
  KEY `category_id` (`category_id`),
  KEY `created_by` (`created_by`),
  KEY `dataset_id` (`dataset_id`),
  FULLTEXT KEY `ft_question` (`question_text`),
  FULLTEXT KEY `ft_answer` (`answer_text`),
  CONSTRAINT `questions_ibfk_1` FOREIGN KEY (`category_id`) REFERENCES `categories` (`id`) ON DELETE SET NULL,
  CONSTRAINT `questions_ibfk_2` FOREIGN KEY (`created_by`) REFERENCES `admins` (`id`) ON DELETE SET NULL,
  CONSTRAINT `questions_ibfk_3` FOREIGN KEY (`dataset_id`) REFERENCES `datasets` (`id`) ON DELETE SET NULL
) ENGINE=InnoDB AUTO_INCREMENT=137 DEFAULT CHARSET=utf8mb4 COLLATE=utf8mb4_unicode_ci COMMENT='Bộ câu hỏi và trả lời cho chatbot';
/*!40101 SET character_set_client = @saved_cs_client */;

--
-- Dumping data for table `questions`
--

LOCK TABLES `questions` WRITE;
/*!40000 ALTER TABLE `questions` DISABLE KEYS */;
INSERT INTO `questions` VALUES (1,8,'Làm thế nào để mượn sách?','Để mượn sách, bạn cần có thẻ thư viện hợp lệ. Mang sách đến quầy mượn/trả và xuất trình thẻ thư viện. Bạn có thể mượn tối đa 5 cuốn sách trong 14 ngày.','To borrow books, you need a valid library card. Bring the book to the borrowing/returning counter and present your library card. The staff will process the loan for you.\n\nBorrowing steps:\n1. Find the book you want to borrow\n2. Bring it to the circulation desk\n3. Present your reader card\n4. Receive the book and due date slip','manual',NULL,0,1,NULL,'2026-03-04 09:51:16','2026-03-06 13:12:37'),(2,1,'Thời hạn mượn sách là bao lâu?','Thời hạn mượn sách là 14 ngày. Bạn có thể gia hạn thêm 7 ngày nếu sách chưa có người đặt trước.','The borrowing period is 14 days. You can renew for an additional 7 days if no one has reserved the book.\n\nNote:\n- Category 1 (students): 14 days, up to 5 books\n- Category 2 (faculty/staff): 30 days\n- Category 3 (external readers): 14 days with deposit required','manual',NULL,0,1,NULL,'2026-03-04 09:51:16','2026-03-06 13:12:37'),(3,2,'Làm thẻ thư viện ở đâu?','Bạn có thể đăng ký làm thẻ thư viện tại quầy tiếp nhận (tầng 1). Cần mang theo CMND/CCCD và 1 ảnh 3x4. Phí làm thẻ là 50.000đ.','You can register for a library card at the reception counter (1st floor). You need to bring your ID card/Citizen ID and one 3x4 photo.\n\nRegistration process:\n1. Go to the reception desk on the 1st floor\n2. Fill out the registration form\n3. Submit your ID and photo\n4. Receive your library card','manual',NULL,0,1,NULL,'2026-03-04 09:51:16','2026-03-06 13:12:37'),(4,4,'Thư viện mở cửa lúc mấy giờ?','Thư viện mở cửa từ 7:30 đến 21:00 các ngày trong tuần (Thứ 2 - Thứ 7). Chủ nhật nghỉ.','The library is open from 7:30 AM to 9:00 PM on weekdays (Monday - Saturday). Closed on Sundays.\n\nNote: Operating hours may vary by area within the center.','manual',NULL,0,1,NULL,'2026-03-04 09:51:16','2026-03-06 13:12:37'),(5,3,'Làm sao tra cứu sách trên hệ thống?','Bạn có thể tra cứu sách qua hệ thống OPAC trên website thư viện hoặc tại các máy tính tra cứu đặt tại tầng 1.','You can search for books through the OPAC system on the library website or at the search computers located on the 1st floor. Visit: https://opac.tvu.edu.vn\n\nSearch steps:\n1. Access the OPAC website\n2. Log in with your reader account\n3. Enter the book title or keyword\n4. View search results and note the call number\n5. Find the book on the shelf','manual',NULL,0,1,NULL,'2026-03-04 09:51:16','2026-03-06 13:12:37'),(6,8,'Có bán đồ ăn vặt không','Có ờ ngây tầng trệt vào cửa quẹo ','Yes, there are snacks available on the ground floor near the entrance.','manual',NULL,0,1,1,'2026-03-04 10:54:09','2026-03-06 13:12:37'),(12,7,'Nộp lưu chiểu luận án, luận văn, đề án là gì?','Nộp lưu chiểu là việc nộp bản điện tử hoàn chỉnh (đã được duyệt sau góp ý của Hội đồng) của luận án, luận văn hoặc đề án sau bảo vệ để lưu trữ tại Trung tâm Học liệu và Hỗ trợ Học thuật, Trường Đại học Trà Vinh, theo Thông báo số 3356/TB-ĐHTV ngày 05/9/2025.','Submitting archival copies means submitting the complete electronic version (approved after the defense council\'s feedback) of your thesis, dissertation, or project for archival at the Learning Resource Center.\n\nThis is a mandatory requirement after successful defense.','word',13,0,1,2,'2026-03-04 14:55:36','2026-03-06 13:12:37'),(13,7,'Ai phải nộp lưu chiểu luận văn, luận án, đề án?','Đối tượng thực hiện gồm: Nghiên cứu sinh và học viên cao học (gọi chung là người học) đã bảo vệ thành công tại Trường Đại học Trà Vinh.','The submission requirement applies to: Research students and graduate students (collectively referred to as learners) who have successfully defended their thesis/dissertation/project.\n\nThis includes:\n- Doctoral students (dissertations)\n- Master\'s students (theses)\n- Students completing banking projects (SBV projects)','word',13,0,1,2,'2026-03-04 14:55:36','2026-03-06 13:12:37'),(14,7,'Nộp lưu chiểu bằng hình thức nào?','Bản điện tử hoàn chỉnh định dạng PDF, gửi qua email tiepnhanlvla@tvu.edu.vn.','Submit the complete electronic version in PDF format, sent via email to tiepnhanlvla@tvu.edu.vn.\n\nRequirements:\n- PDF format\n- Single file\n- Must be the approved final version after defense','word',13,0,1,2,'2026-03-04 14:55:36','2026-03-06 13:12:37'),(15,8,'Gửi file đến email nào?','tiepnhanlvla@tvu.edu.vn.','Send your file to: tiepnhanlvla@tvu.edu.vn','word',13,0,1,2,'2026-03-04 14:55:36','2026-03-06 13:12:37'),(16,NULL,'File phải ở định dạng gì?','File PDF, lưu thành một tập tin duy nhất.','The file must be in PDF format, saved as a single file.\n\nImportant:\n- Only PDF format is accepted\n- Combine all pages into one file\n- File name must follow the prescribed format','word',13,0,1,2,'2026-03-04 14:55:36','2026-03-06 13:12:37'),(17,8,'Khi nào bắt đầu nộp?','Từ ngày 10/9/2025.','Starting from September 10, 2025.\n\nPlease ensure you submit your archival copy promptly after your defense.','word',13,0,1,2,'2026-03-04 14:55:36','2026-03-06 13:12:37'),(18,8,'Dùng email nào để gửi?','Phải dùng email đã đăng ký với Nhà trường từ đầu khóa học. Không chấp nhận nộp thay.','You must use the email registered with the University at the beginning of your program. Submissions from other emails will not be accepted.\n\nNote: Proxy submissions are not allowed.','word',13,0,1,2,'2026-03-04 14:55:36','2026-03-06 13:12:37'),(19,8,'Có được nộp thay không?','Không. Người học phải tự gửi.\nPHẦN 2: QUY CÁCH EMAIL VÀ FILE','No. Learners must submit the archival copy themselves. Proxy submissions are not accepted.','word',13,0,1,2,'2026-03-04 14:55:36','2026-03-06 13:12:37'),(20,8,'Viết tiêu đề email thế nào?','[Mã số học viên] – [Tên loại tài liệu: LUAN AN/LUAN VAN/DE AN SBV] – [HỌ VÀ TÊN].Viết hoa, không dấu, có khoảng cách.Ví dụ: 910117001 – DE AN SBV - NGUYEN VAN A','Email subject format: [Student ID] – [Document type: LUAN AN/LUAN VAN/DE AN SBV] – [FULL NAME]\n\nWrite in uppercase, without diacritical marks.\n\nExample: 910117001 – DE AN SBV – NGUYEN VAN A','word',13,0,1,2,'2026-03-04 14:55:36','2026-03-06 13:12:37'),(21,8,'Đặt tên file đính kèm thế nào?','Giống tiêu đề email. Viết hoa, không dấu.\nVí dụ cụ thể:Tiêu đề: 910117001 – DE AN SBV - NGUYEN VAN ATên file: 910117001 – DE AN SBV - NGUYEN VAN A.pdf\nCó được chia nhiều file không?Trả lời: Không. Chỉ một file PDF duy nhất.\nPHẦN 3: QUY CÁCH FILE LUẬN VĂN / ĐỀ ÁN THẠC SĨ\nFile gồm các phần:\nTrang bìa chính\nTrang phụ bìa\nQuyết định giao đề tài (nếu có)\nLời cam đoan\nLời cảm ơn\nMục lục\nDanh mục bảng/hình/chữ viết tắt\nTrang tóm tắt\nNội dung luận văn\nDanh mục tài liệu tham khảo\nPhụ lục\nBiên bản liên quan\nBiên bản gồm:\nBiên bản họp Hội đồng\nBản giải trình chỉnh sửa\nCó cần quyết định giao đề tài không?Trả lời: Có.\nThứ tự sắp xếp:Bìa → Phụ bìa → Quyết định → Cam đoan → Cảm ơn → Mục lục → Danh mục → Tóm tắt → Nội dung → Tài liệu tham khảo → Phụ lục → Biên bản.\nPHẦN 4: QUY CÁCH FILE LUẬN ÁN TIẾN SĨ\nFile gồm:\nTrang bìa chính\nTrang phụ bìa\nLời cam đoan\nLời cảm ơn\nMục lục\nDanh mục bảng/hình/chữ viết tắt\nTrang tóm tắt\nNội dung luận án\nDanh mục tài liệu tham khảo\nPhụ lục\nBiên bản liên quan\nBiên bản gồm:\nQuyết định thành lập hội đồng\nBiên bản họp đánh giá\nBản giải trình chỉnh sửa\nKhác nhau giữa thạc sĩ và tiến sĩ:\nThạc sĩ: Có Quyết định giao đề tài\nTiến sĩ: Không có Quyết định giao đề tài\nPHẦN 5: LIÊN HỆ HỖ TRỢ\nLiên hệ:Trung tâm Học liệu và Hỗ trợ Học thuật - Trường Đại học Trà VinhEmail: tiepnhanlvla@tvu.edu.vnĐiện thoại: (0294) 3855 246 - nội bộ 385Địa chỉ: Tòa nhà B7 - Khu I, Trường Đại học Trà Vinh\nSố điện thoại: (0294) 3855 246 - nội bộ 385\nĐịa chỉ trực tiếp: Tòa nhà B7 - Khu I, Trường Đại học Trà Vinh\nEmail: tiepnhanlvla@tvu.edu.vn\nCăn cứ văn bản:\nThông báo 3630/TB-ĐHTV ngày 01/11/2021\nThông báo 3356/TB-ĐHTV ngày 05/9/2025','Name the attached file the same as the email subject. Write in uppercase, without diacritical marks.\n\nExample: 910117001 – DE AN SBV – NGUYEN VAN A.pdf','word',13,0,1,2,'2026-03-04 14:55:36','2026-03-06 13:12:37'),(22,7,'Quy định này áp dụng cho ai?','Áp dụng cho tất cả cá nhân tham gia sử dụng hoạt động phục vụ Bạn đọc tại Trung tâm Học liệu - Phát triển Dạy và Học thuộc Trường Đại học Trà Vinh.','This regulation applies to all individuals participating in and using the services of the Learning Resource and Academic Support Center at Tra Vinh University.\n\nThis includes students, faculty, staff, and external visitors.','word',14,0,1,2,'2026-03-04 15:36:08','2026-03-06 16:41:56'),(23,3,'Tài nguyên thông tin là gì?','Là tập hợp tài liệu in, viết tay, nghe nhìn, tài liệu số, vi phim, vi phiếu, tài liệu cho người khuyết tật và các dữ liệu khác.','Information resources refer to the collection of printed materials, handwritten documents, audiovisual materials, digital documents, microfilm, microfiche, and other formats containing information stored at the Center.\n\nThese resources serve learning, teaching, and research purposes.','word',14,0,1,2,'2026-03-04 15:36:08','2026-03-06 16:41:56'),(24,3,'Tài nguyên thông tin mở là gì?','Là tài nguyên mà người dùng có thể tiếp cận mà không bị rào cản tài chính, pháp lý hoặc kỹ thuật.','Open information resources are resources that users can access without financial or technical barriers.\n\nThese include open-access databases, e-journals, and digital repositories available through the Center\'s website.','word',14,0,1,2,'2026-03-04 15:36:08','2026-03-06 16:41:56'),(25,7,'Quá hạn là gì?','Là giao dịch mượn tài liệu đã vượt quá thời gian quy định.','An overdue transaction is a book loan that has exceeded the prescribed borrowing period.\n\nOverdue materials are subject to fines. Please return or renew your books on time to avoid penalties.','word',14,0,1,2,'2026-03-04 15:36:08','2026-03-06 16:41:56'),(26,7,'Gia hạn là gì?','Là việc kéo dài thêm thời gian mượn tài liệu khi sắp đến hạn trả.','Renewal is the process of extending the borrowing period for a document when the due date is approaching.\n\nYou can renew:\n- Category 1 & 3: 15 additional days\n- Category 2: 30 additional days\n- Only 1 renewal is allowed per loan\n- Cannot renew if already overdue','word',14,0,1,2,'2026-03-04 15:36:08','2026-03-06 16:41:56'),(27,7,'Có mấy nhóm đối tượng sử dụng Trung tâm?','Đối tượng 1: Học sinh, sinh viên, học viên, lưu học sinh.\nĐối tượng 2: Viên chức, người lao động, tình nguyện viên.\nĐối tượng 3: Giảng viên thỉnh giảng, cựu sinh viên và cá nhân ngoài trường.','There are 3 user categories at the Center:\n\n- Category 1: Students, graduate students, international students\n- Category 2: Faculty, staff, and employees of the University\n- Category 3: External readers (individuals outside the University)\n\nEach category has different borrowing privileges and requirements.','word',14,0,1,2,'2026-03-04 15:36:08','2026-03-06 16:41:56'),(28,7,'Thẻ bạn đọc dùng để làm gì?','Dùng để đăng ký sử dụng dịch vụ, mượn, trả và gia hạn tài liệu.','The reader card is used to register for services, borrow, return, and renew library materials.\n\nIt serves as your identity for all library transactions. Please keep it safe and do not lend it to others.','word',14,0,1,2,'2026-03-04 15:36:08','2026-03-06 16:41:56'),(29,7,'Tài khoản bạn đọc dùng để làm gì?','Dùng để:\nĐăng nhập máy tính\nTra cứu tài liệu\nXem tài liệu trực tuyến','The reader account is used to:\n- Log in to library computers\n- Search for materials in the catalog\n- View online resources\n- Access licensed databases\n- Manage your borrowing history','word',14,0,1,2,'2026-03-04 15:36:08','2026-03-06 16:41:56'),(30,7,'Làm sao để được cấp tài khoản?','Đối tượng 1: Tài khoản gửi qua email trường.\nĐối tượng 2, 3: Liên hệ quầy lưu hành hoặc email lrc@tvu.edu.vn.','How to get an account:\n- Category 1: Account will be sent to your university email\n- Category 2 & 3: Contact the circulation desk to register\n\nYour account gives you access to all digital services of the Center.','word',14,0,1,2,'2026-03-04 15:36:08','2026-03-06 16:41:56'),(31,1,'Đối tượng 3 mượn sách có cần đặt cọc không?','\n Đối tượng 3 mượn sách có cần đặt cọc không?\nCó. Đặt cọc số tiền gấp 2 lần giá bìa. Hoàn lại khi trả sách đúng quy định.','Yes. Category 3 readers (external readers) must place a deposit equal to twice the cover price of the book. The deposit will be refunded upon return of the book in good condition.','word',14,0,1,2,'2026-03-04 15:36:08','2026-03-06 13:12:37'),(32,1,'Gia hạn được bao nhiêu ngày?','Đối tượng 1 và 3: 15 ngày.\nĐối tượng 2: 30 ngày.','Renewal periods:\n- Category 1 and 3: 15 days\n- Category 2: 30 days\n\nNote: Only one renewal is allowed per loan.','word',14,0,1,2,'2026-03-04 15:36:08','2026-03-06 16:41:56'),(33,1,'Gia hạn được mấy lần?','Chỉ được gia hạn 1 lần và chưa bị quá hạn.','You can only renew once, and the book must not be overdue at the time of renewal.\n\nIf the book is already overdue, you must return it and pay the overdue fine before borrowing again.','word',14,0,1,2,'2026-03-04 15:36:08','2026-03-06 16:41:56'),(34,1,'Phạt quá hạn bao nhiêu tiền?','2.000 đồng/quyển/ngày.','The overdue fine is 2,000 VND per book per day.\n\nPlease return your books on time to avoid accumulating fines.','word',14,0,1,2,'2026-03-04 15:36:08','2026-03-06 16:41:56'),(35,3,'Làm sao để tra cứu tài liệu?','Truy cập website: https://opac.tvu.edu.vn → Đăng nhập → Tìm kiếm tài liệu.','How to search for materials:\n1. Visit the website: https://opac.tvu.edu.vn\n2. Log in with your reader account\n3. Search for materials by title, author, or keyword\n4. Note the call number and shelf location\n5. Find the material on the shelf or request assistance','word',14,0,1,2,'2026-03-04 15:36:08','2026-03-06 16:41:56'),(36,4,'Có thể sử dụng tài nguyên mở ở đâu?','Trên website https://celri.tvu.edu.vn với các nguồn như SpringerOpen, DOAJ, ScienceDirect,...','You can access open resources on the website https://celri.tvu.edu.vn with sources such as Springer, DOAJ, and other open-access databases.\n\nThese resources are freely available to all users.','word',14,0,1,2,'2026-03-04 15:36:08','2026-03-06 16:41:56'),(37,1,'Muốn dùng cơ sở dữ liệu bản quyền phải làm sao?','Liên hệ quầy lưu hành để được cấp tài khoản.','To use licensed databases, contact the circulation desk to get an account.\n\nLicensed databases provide access to premium academic journals, e-books, and research papers.','word',14,0,1,2,'2026-03-04 15:36:08','2026-03-06 16:41:56'),(38,3,'Scan tài liệu được bao nhiêu phần trăm?','Tối đa 10% tổng số trang hoặc dung lượng.','You can scan up to 10% of the total pages or content of a document.\n\nThis limit is in accordance with copyright regulations. For larger amounts, please consult with the librarian.','word',14,0,1,2,'2026-03-04 15:36:08','2026-03-06 16:41:56'),(39,4,'Trung tâm mở cửa khi nào?','Thứ Hai đến Chủ nhật (trừ tối Chủ nhật).\nTừ 7:00 đến 21:00 tùy khu vực.','The Center is open:\n- Monday to Sunday (except Sunday evenings)\n- From 7:00 AM to 9:00 PM depending on the area\n\nPlease check the specific schedule for each floor/section.','word',14,0,1,2,'2026-03-04 15:36:08','2026-03-06 16:41:56'),(40,3,'Bạn đọc có quyền gì?','Sử dụng các dịch vụ Trung tâm.\nYêu cầu hỗ trợ tra cứu.\nTham gia hoạt động do Trung tâm tổ chức.','Readers have the right to:\n- Use all services provided by the Center\n- Request assistance with searching for materials\n- Participate in activities organized by the Center\n- Provide feedback and suggestions\n- Access digital resources through their reader account','word',14,0,1,2,'2026-03-04 15:36:08','2026-03-06 16:41:56'),(41,9,'Làm mất sách xử lý thế nào?','Đền sách mới + phí xử lýHoặc\nBồi thường gấp 2 lần giá bìa + phí xử lý(Tài liệu quý hiếm: gấp 10 lần giá bìa)','If you lose a book, you must:\n- Provide a replacement copy (same edition) + processing fee, OR\n- Compensate twice the cover price + processing fee\n\nThe processing fee is 50,000 VND per book. Please report lost books promptly.','word',14,0,1,2,'2026-03-04 15:36:08','2026-03-09 07:33:22'),(42,1,'Làm hư hỏng tài liệu xử lý thế nào?','Phạt 100% giá bìa + phí xử lý 50.000 đồng.','If you damage library materials:\n- Fine: 100% of the cover price + processing fee of 50,000 VND\n\nPlease handle all library materials with care to preserve them for other users.','word',14,0,1,2,'2026-03-04 15:36:08','2026-03-06 16:41:56'),(43,1,'Có thể bị khóa tài khoản không?','Có.\nVi phạm nhẹ: khóa 1 tháng\nVi phạm nặng: khóa 3 tháng\nTái phạm nhiều lần: đình chỉ 1 năm hoặc vĩnh viễn','Yes, your account can be locked for violations:\n- Minor violations: locked for 1 month\n- Serious violations: locked for 3 months\n- Repeat offenses: locked for 6 months or permanently\n\nPlease follow all library rules and regulations.','word',14,0,1,2,'2026-03-04 15:36:08','2026-03-06 16:41:56'),(44,5,'Trung tâm có khen thưởng không?','Có. Trung tâm đề xuất khen thưởng Bạn đọc có đóng góp tích cực.','Yes. The Center recommends commendations for readers who make positive contributions.\n\nThis may include recognition for:\n- Active participation in library programs\n- Outstanding use of resources\n- Contributions to the library community','word',14,0,1,2,'2026-03-04 15:36:08','2026-03-06 16:41:56'),(45,NULL,'hello','“Xin chào bạn, Trung tâm Học liệu và Hỗ trợ Học thuật - Trường Đại học Trà Vinh rất vui được hỗ trợ bạn. Bạn cần chúng tôi hỗ trợ thông tin gì hôm nay ạ?”','Hello! Welcome to the Learning Resource and Academic Support Center at Tra Vinh University. We\'re happy to assist you today! ?\n\nHow can we help you? You can ask about:\n? Borrowing books\n? Searching for materials\n? Library regulations\n⏰ Opening hours\n? Digital resources','manual',NULL,0,1,2,'2026-03-04 16:25:17','2026-03-06 13:12:37'),(46,NULL,'xin chào','Chào mừng đến với thư viện TVU. Mình giúp được gì cho bạn ?','Welcome to the TVU Library! How can I help you today? ?\n\nFeel free to ask about:\n? Book borrowing and returning\n? Material searching\n? Library policies\n⏰ Operating hours\n? Online resources','manual',NULL,0,1,2,'2026-03-05 13:47:20','2026-03-06 13:12:37'),(88,8,'Phòng Tài liệu Nội sinh nằm ở đâu?','Phòng Tài liệu Nội sinh nằm tại phòng B71.302 ở tầng 3.','','word',18,0,1,2,'2026-03-06 16:30:23','2026-03-09 07:28:13'),(104,9,'Trung tâm Học liệu và Hỗ trợ Học thuật nằm ở tòa nhà nào?','Trung tâm Học liệu và Hỗ trợ Học thuật nằm tại tòa nhà B71.','','word',19,0,1,2,'2026-03-06 16:40:49','2026-03-09 07:30:55'),(105,9,'Sơ đồ Trung tâm Học liệu được cập nhật vào ngày nào?','Sơ đồ Trung tâm Học liệu và Hỗ trợ Học thuật được cập nhật ngày 6/3/2026.','','word',19,0,1,2,'2026-03-06 16:40:49','2026-03-09 07:30:46'),(106,9,'Tầng trệt của Trung tâm Học liệu có những khu vực nào?','Tầng trệt có Hội trường B71.101, Quầy Lưu hành 1 (mượn – trả sách), Ban Hỗ trợ Học thuật B71.102, Phòng Tự học 1 B71.103 và khu vực tự học ngoài sảnh.','','word',19,0,1,2,'2026-03-06 16:40:49','2026-03-09 07:30:29'),(107,9,'Hội trường của Trung tâm Học liệu nằm ở đâu?','Hội trường nằm tại phòng B71.101 ở tầng trệt.','','word',19,0,1,2,'2026-03-06 16:40:49','2026-03-09 07:30:22'),(108,9,'Quầy mượn và trả sách ở tầng trệt nằm ở đâu?','Quầy Lưu hành 1 tại tầng trệt là nơi thực hiện mượn và trả sách.','','word',19,0,1,2,'2026-03-06 16:40:49','2026-03-09 07:28:48'),(109,9,'Ban Hỗ trợ Học thuật nằm ở phòng nào?','Ban Hỗ trợ Học thuật nằm tại phòng B71.102 ở tầng trệt.','','word',19,0,1,2,'2026-03-06 16:40:49','2026-03-09 07:30:04'),(110,9,'Phòng Tự học 1 nằm ở đâu?','Phòng Tự học 1 nằm tại phòng B71.103 ở tầng trệt.','','word',19,0,1,2,'2026-03-06 16:40:49','2026-03-09 07:29:56'),(111,9,'Tầng 2 có những phòng nào?','Tầng 2 gồm Phòng Học liệu Quốc văn 1 (B71.201), Phòng Nghiên cứu 1 (B71.202), Phòng Tự học 2 (B71.203), Phòng Nghiên cứu 2 (B71.204), Phòng Học liệu Quốc văn 2 (B71.205), Quầy Lưu hành 2 (mượn – trả sách) và khu vực tự học ngoài sảnh.','','word',19,0,1,2,'2026-03-06 16:40:49','2026-03-09 07:29:49'),(112,9,'Phòng Học liệu Quốc văn 1 nằm ở đâu?','Phòng Học liệu Quốc văn 1 nằm tại phòng B71.201 ở tầng 2.','','word',19,0,1,2,'2026-03-06 16:40:49','2026-03-09 07:29:38'),(113,9,'Phòng Nghiên cứu 1 nằm ở đâu?','Phòng Nghiên cứu 1 nằm tại phòng B71.202 ở tầng 2.','','word',19,0,1,2,'2026-03-06 16:40:49','2026-03-09 07:29:27'),(114,9,'Phòng Tự học 2 nằm ở đâu?','Phòng Tự học 2 nằm tại phòng B71.203 ở tầng 2.','','word',19,0,1,2,'2026-03-06 16:40:49','2026-03-09 07:29:21'),(115,9,'Phòng Nghiên cứu 2 nằm ở đâu?','Phòng Nghiên cứu 2 nằm tại phòng B71.204 ở tầng 2.','','word',19,0,1,2,'2026-03-06 16:40:49','2026-03-09 07:29:11'),(116,9,'Phòng Học liệu Quốc văn 2 nằm ở đâu?','Phòng Học liệu Quốc văn 2 nằm tại phòng B71.205 ở tầng 2.','','word',19,0,1,2,'2026-03-06 16:40:49','2026-03-09 07:29:02'),(117,9,'Quầy mượn trả sách ở tầng 2 nằm ở đâu?','Quầy Lưu hành 2 tại tầng 2 là nơi thực hiện mượn và trả sách.','','word',19,0,1,2,'2026-03-06 16:40:49','2026-03-09 07:31:29'),(118,9,'Tầng 3 có những khu vực nào?','Tầng 3 có Phòng Học liệu Ngoại văn (B71.301), Phòng Tài liệu Nội sinh (B71.302), Quầy Lưu hành 3 và khu vực tự học ngoài sảnh.','','word',19,0,1,2,'2026-03-06 16:40:49','2026-03-09 07:31:36'),(119,9,'Phòng Học liệu Ngoại văn nằm ở đâu?','Phòng Học liệu Ngoại văn nằm tại phòng B71.301 ở tầng 3.','','word',19,0,1,2,'2026-03-06 16:40:49','2026-03-09 07:31:44'),(120,9,'Phòng Tài liệu Nội sinh chứa những loại tài liệu gì?','Phòng Tài liệu Nội sinh lưu trữ luận văn, luận án, đề án, đồ án tốt nghiệp và tạp chí.','','word',19,0,1,2,'2026-03-06 16:40:49','2026-03-09 07:31:52'),(121,9,'Quầy Lưu hành 3 dùng để làm gì?','Quầy Lưu hành 3 dùng để mượn – trả sách và đăng ký tài khoản sử dụng Phòng Học liệu Điện tử.','','word',19,0,1,2,'2026-03-06 16:40:49','2026-03-09 07:32:01'),(122,9,'Tầng 4 có những phòng nào?','Tầng 4 có Phòng Học liệu Điện tử (B71.401), Phòng Tự học 4 và Phòng Học nhóm (B71.402) cùng khu vực tự học ngoài sảnh.','','word',19,0,1,2,'2026-03-06 16:40:49','2026-03-09 07:32:09'),(123,9,'Phòng Học liệu Điện tử có những gì?','Phòng Học liệu Điện tử có máy tính, wifi và cho phép truy cập các cơ sở dữ liệu số.','','word',19,0,1,2,'2026-03-06 16:40:49','2026-03-09 07:32:16'),(124,9,'Phòng Học liệu Điện tử nằm ở đâu?','Phòng Học liệu Điện tử nằm tại phòng B71.401 ở tầng 4.','','word',19,0,1,2,'2026-03-06 16:40:49','2026-03-09 07:32:39'),(125,9,'Phòng Tự học 4 và phòng học nhóm nằm ở đâu?','Phòng Tự học 4 và phòng học nhóm nằm tại phòng B71.402 ở tầng 4.','','word',19,0,1,2,'2026-03-06 16:40:49','2026-03-09 07:32:53'),(126,9,'Tầng 5 có những phòng nào?','Tầng 5 có Phòng Giám đốc (B71.501), Phòng Lưu hành và Phó Giám đốc (B71.502), Phòng họp (B71.503), Phòng Kỹ thuật và Phát triển tài liệu số (B71.504), Phòng Nghiệp vụ - Biên mục (B71.505), Ban Phát triển chương trình (B71.506 và B71.507), Phòng tập huấn (B71.508) và khu vực tự học ngoài sảnh.','','word',19,0,1,2,'2026-03-06 16:40:49','2026-03-09 07:30:13'),(127,9,'Phòng Giám đốc nằm ở đâu?','Phòng Giám đốc nằm tại phòng B71.501 ở tầng 5.','','word',19,0,1,2,'2026-03-06 16:40:49','2026-03-09 07:33:01'),(128,9,'Phòng Lưu hành và Phó Giám đốc nằm ở đâu?','Phòng Lưu hành và Phó Giám đốc nằm tại phòng B71.502 ở tầng 5.','','word',19,0,1,2,'2026-03-06 16:40:49','2026-03-09 07:33:08'),(129,NULL,'Phòng Kỹ thuật và Phát triển tài liệu số nằm ở đâu?','Phòng này nằm tại phòng B71.504 ở tầng 5.',NULL,'word',19,0,1,2,'2026-03-06 16:40:49','2026-03-06 16:40:49'),(130,NULL,'Phòng Nghiệp vụ - Biên mục nằm ở đâu?','Phòng Nghiệp vụ - Biên mục nằm tại phòng B71.505 ở tầng 5.',NULL,'word',19,0,1,2,'2026-03-06 16:40:49','2026-03-06 16:40:49'),(131,NULL,'Ban Phát triển chương trình nằm ở đâu?','Ban Phát triển chương trình nằm tại phòng B71.506 và B71.507 ở tầng 5.',NULL,'word',19,0,1,2,'2026-03-06 16:40:49','2026-03-06 16:40:49'),(132,NULL,'Phòng tập huấn nằm ở đâu?','Phòng tập huấn nằm tại phòng B71.508 ở tầng 5.',NULL,'word',19,0,1,2,'2026-03-06 16:40:49','2026-03-06 16:40:49'),(133,9,'Tầng 6 có những khu vực nào?','Tầng 6 có Phòng Tự học 5 (B71.601) và khu tự học sân thượng.','','word',19,0,1,2,'2026-03-06 16:40:49','2026-03-09 07:31:06'),(134,9,'Phòng Tự học 5 nằm ở đâu?','Phòng Tự học 5 nằm tại phòng B71.601 ở tầng 6.','','word',19,0,1,2,'2026-03-06 16:40:49','2026-03-09 07:31:12'),(135,9,'Trung tâm Học liệu có khu tự học sân thượng không?','Có, khu tự học sân thượng nằm tại tầng 6.','','word',19,0,1,2,'2026-03-06 16:40:49','2026-03-09 07:31:22');
/*!40000 ALTER TABLE `questions` ENABLE KEYS */;
UNLOCK TABLES;

--
-- Table structure for table `suggested_questions`
--

DROP TABLE IF EXISTS `suggested_questions`;
/*!40101 SET @saved_cs_client     = @@character_set_client */;
/*!50503 SET character_set_client = utf8mb4 */;
CREATE TABLE `suggested_questions` (
  `id` int NOT NULL AUTO_INCREMENT,
  `question_text` varchar(500) COLLATE utf8mb4_unicode_ci NOT NULL COMMENT 'Câu hỏi gợi ý hiển thị cho người dùng',
  `linked_question_id` int DEFAULT NULL COMMENT 'Liên kết đến câu hỏi có sẵn',
  `sort_order` int NOT NULL DEFAULT '0',
  `is_active` tinyint(1) NOT NULL DEFAULT '1',
  `created_at` datetime NOT NULL DEFAULT CURRENT_TIMESTAMP,
  `updated_at` datetime NOT NULL DEFAULT CURRENT_TIMESTAMP ON UPDATE CURRENT_TIMESTAMP,
  PRIMARY KEY (`id`),
  KEY `linked_question_id` (`linked_question_id`),
  CONSTRAINT `suggested_questions_ibfk_1` FOREIGN KEY (`linked_question_id`) REFERENCES `questions` (`id`) ON DELETE SET NULL
) ENGINE=InnoDB AUTO_INCREMENT=5 DEFAULT CHARSET=utf8mb4 COLLATE=utf8mb4_unicode_ci COMMENT='Câu hỏi gợi ý hiển thị khi người dùng mở chatbot';
/*!40101 SET character_set_client = @saved_cs_client */;

--
-- Dumping data for table `suggested_questions`
--

LOCK TABLES `suggested_questions` WRITE;
/*!40000 ALTER TABLE `suggested_questions` DISABLE KEYS */;
INSERT INTO `suggested_questions` VALUES (1,'Làm thế nào để mượn sách?',1,1,1,'2026-03-04 09:51:16','2026-03-04 09:51:16'),(2,'Thư viện mở cửa lúc mấy giờ?',4,2,1,'2026-03-04 09:51:16','2026-03-04 09:51:16'),(3,'Làm thẻ thư viện ở đâu?',3,3,1,'2026-03-04 09:51:16','2026-03-04 09:51:16'),(4,'Tra cứu sách như thế nào?',5,4,1,'2026-03-04 09:51:16','2026-03-04 09:51:16');
/*!40000 ALTER TABLE `suggested_questions` ENABLE KEYS */;
UNLOCK TABLES;

--
-- Table structure for table `unanswered_questions`
--

DROP TABLE IF EXISTS `unanswered_questions`;
/*!40101 SET @saved_cs_client     = @@character_set_client */;
/*!50503 SET character_set_client = utf8mb4 */;
CREATE TABLE `unanswered_questions` (
  `id` int NOT NULL AUTO_INCREMENT,
  `session_id` int DEFAULT NULL,
  `question_text` text COLLATE utf8mb4_unicode_ci NOT NULL COMMENT 'Câu hỏi người dùng mà bot không trả lời được',
  `frequency` int NOT NULL DEFAULT '1' COMMENT 'Số lần được hỏi',
  `is_resolved` tinyint(1) NOT NULL DEFAULT '0' COMMENT 'Đã được xử lý chưa',
  `resolved_by` int DEFAULT NULL,
  `resolved_at` datetime DEFAULT NULL,
  `created_at` datetime NOT NULL DEFAULT CURRENT_TIMESTAMP,
  `updated_at` datetime NOT NULL DEFAULT CURRENT_TIMESTAMP ON UPDATE CURRENT_TIMESTAMP,
  PRIMARY KEY (`id`),
  KEY `session_id` (`session_id`),
  KEY `resolved_by` (`resolved_by`),
  CONSTRAINT `unanswered_questions_ibfk_1` FOREIGN KEY (`session_id`) REFERENCES `chat_sessions` (`id`) ON DELETE SET NULL,
  CONSTRAINT `unanswered_questions_ibfk_2` FOREIGN KEY (`resolved_by`) REFERENCES `admins` (`id`) ON DELETE SET NULL
) ENGINE=InnoDB AUTO_INCREMENT=32 DEFAULT CHARSET=utf8mb4 COLLATE=utf8mb4_unicode_ci COMMENT='Lưu câu hỏi mà chatbot không trả lời được để admin bổ sung';
/*!40101 SET character_set_client = @saved_cs_client */;

--
-- Dumping data for table `unanswered_questions`
--

LOCK TABLES `unanswered_questions` WRITE;
/*!40000 ALTER TABLE `unanswered_questions` DISABLE KEYS */;
INSERT INTO `unanswered_questions` VALUES (1,14,'hello',3,1,2,'2026-03-04 16:25:57','2026-03-04 09:05:21','2026-03-04 16:25:57'),(2,1,'Thư viện mở cửa lúc mấy giờ?',1,0,NULL,NULL,'2026-03-04 09:18:00','2026-03-04 09:18:00'),(3,40,'hi',10,0,NULL,NULL,'2026-03-04 09:41:12','2026-03-09 08:28:24'),(4,6,'Thư viện mở cửa lúc mấy giờ?',1,0,NULL,NULL,'2026-03-04 09:42:53','2026-03-04 09:42:53'),(5,6,'có bán bánh khong',1,0,NULL,NULL,'2026-03-04 09:54:04','2026-03-04 09:54:04'),(6,7,'h\'',1,0,NULL,NULL,'2026-03-04 10:43:30','2026-03-04 10:43:30'),(7,7,'có bán bánh bò không',1,0,NULL,NULL,'2026-03-04 10:43:44','2026-03-04 10:43:44'),(8,7,'hello',1,0,NULL,NULL,'2026-03-04 13:15:50','2026-03-04 13:15:50'),(9,7,'tôi cần tư vấn',1,0,NULL,NULL,'2026-03-04 13:16:01','2026-03-04 13:16:01'),(10,11,'luận án',1,0,NULL,NULL,'2026-03-04 14:16:37','2026-03-04 14:16:37'),(11,14,'gì vậy 3, hi là xin chào mà',1,0,NULL,NULL,'2026-03-04 15:55:57','2026-03-04 15:55:57'),(12,4,'bánh bò',1,0,NULL,NULL,'2026-03-05 09:21:02','2026-03-05 09:21:02'),(13,4,'hồ sơ',2,0,NULL,NULL,'2026-03-05 09:22:47','2026-03-05 09:39:09'),(14,15,'bi?u m?u',1,0,NULL,NULL,'2026-03-05 09:25:03','2026-03-05 09:25:03'),(15,17,'xin chào',1,0,NULL,NULL,'2026-03-05 13:45:05','2026-03-05 13:45:05'),(16,17,'hú',1,0,NULL,NULL,'2026-03-05 13:47:43','2026-03-05 13:47:43'),(17,17,'ee',1,0,NULL,NULL,'2026-03-05 14:15:50','2026-03-05 14:15:50'),(18,38,'ê',5,0,NULL,NULL,'2026-03-05 14:15:52','2026-03-06 10:52:01'),(19,38,'hey',2,0,NULL,NULL,'2026-03-05 15:50:10','2026-03-06 10:52:11'),(20,36,'số điện thoại',1,0,NULL,NULL,'2026-03-06 10:00:13','2026-03-06 10:00:13'),(21,36,'ờ',1,0,NULL,NULL,'2026-03-06 10:00:16','2026-03-06 10:00:16'),(22,36,'hi\'h',1,0,NULL,NULL,'2026-03-06 10:02:35','2026-03-06 10:02:35'),(23,38,'hii',2,0,NULL,NULL,'2026-03-06 10:02:36','2026-03-06 14:25:09'),(24,38,'có web nào',1,0,NULL,NULL,'2026-03-06 10:05:06','2026-03-06 10:05:06'),(25,38,'quần què',1,0,NULL,NULL,'2026-03-06 10:37:57','2026-03-06 10:37:57'),(26,38,'alo',1,0,NULL,NULL,'2026-03-06 10:46:27','2026-03-06 10:46:27'),(27,38,'k',1,0,NULL,NULL,'2026-03-06 14:27:10','2026-03-06 14:27:10'),(28,40,'có bao nhiêu phòng',1,0,NULL,NULL,'2026-03-06 16:48:56','2026-03-06 16:48:56'),(29,40,'quần qhef\'',1,0,NULL,NULL,'2026-03-09 07:41:43','2026-03-09 07:41:43'),(30,40,'hi\\',1,0,NULL,NULL,'2026-03-09 08:24:18','2026-03-09 08:24:18'),(31,41,'vn',1,0,NULL,NULL,'2026-03-09 09:31:47','2026-03-09 09:31:47');
/*!40000 ALTER TABLE `unanswered_questions` ENABLE KEYS */;
UNLOCK TABLES;
/*!40103 SET TIME_ZONE=@OLD_TIME_ZONE */;

/*!40101 SET SQL_MODE=@OLD_SQL_MODE */;
/*!40014 SET FOREIGN_KEY_CHECKS=@OLD_FOREIGN_KEY_CHECKS */;
/*!40014 SET UNIQUE_CHECKS=@OLD_UNIQUE_CHECKS */;
/*!40101 SET CHARACTER_SET_CLIENT=@OLD_CHARACTER_SET_CLIENT */;
/*!40101 SET CHARACTER_SET_RESULTS=@OLD_CHARACTER_SET_RESULTS */;
/*!40101 SET COLLATION_CONNECTION=@OLD_COLLATION_CONNECTION */;
/*!40111 SET SQL_NOTES=@OLD_SQL_NOTES */;

-- Dump completed on 2026-03-09 10:11:51
